전출지별,전입지별,1970,1971,1972,1973,1974,1975,1976,1977,1978,1979,1980,1981,1982,1983,1984,1985,1986,1987,1988,1989,1990,1991,1992,1993,1994,1995,1996,1997,1998,1999,2000,2001,2002,2003,2004,2005,2006,2007,2008,2009,2010,2011,2012,2013,2014,2015,2016,2017
전국,전국,4046536,4210164,3687938,4860418,5297969,9011440,6773250,7397623,8410276,7324380,8258573,8194516,8616474,9795811,9043238,8679097,8660428,9308750,9969020,9316219,9459209,8980841,9031576,8807058,8791714,9073069,8854973,8819909,8156318,9435347,9009441,9289949,9584461,9516605,8567795,8795397,9342074,9070102,8808256,8487275,8226594,8127195,7506691,7411784,7629098,7755286,7378430,7154226
,서울특별시,1742813,1671705,1349333,1831858,2050392,3396662,2756510,2893403,3307439,2589667,2767816,2859860,2997854,3434184,3052558,2784387,2683013,2853398,3388387,3049117,2726492,2437238,2395814,2259333,2240086,2165332,2159555,2074884,1802931,2337989,2219407,2295784,2318051,2242723,1926235,1990749,2173907,2078045,2025358,1873188,1733015,1721748,1555281,1520090,1573594,1589431,1515602,1472937
,부산광역시,448577,389797,362202,482061,680984,805979,724664,785117,895337,809483,904252,852671,932367,919150,872967,821207,831658,918310,892506,790991,761684,741748,771852,708358,668188,676037,679854,641886,602418,660060,595975,604650,600936,625355,539108,552771,559915,529343,514502,519310,519334,508043,461042,478451,485710,507031,459015,439073
,대구광역시,-,-,-,-,-,-,-,-,-,-,-,514009,553068,607848,552902,539361,533854,590786,579187,539730,526547,525249,558826,524585,545677,534013,507085,485263,462722,496811,477595,448898,466894,487515,418278,440350,428417,399853,409938,398626,370817,370563,348642,351873,350213,351424,328228,321182
,인천광역시,-,-,-,-,-,-,-,-,-,-,-,332958,333362,398906,425509,409361,382620,434814,476438,472576,567863,503687,509700,505825,506471,481438,482811,512513,447707,494576,531318,526842,540812,510347,462835,502168,523457,576619,565585,478169,462051,499567,468666,461613,452297,473223,441646,409465
,광주광역시,-,-,-,-,-,-,-,-,-,-,-,-,-,-,-,-,254634,257011,336312,308307,330810,356080,346330,300357,312343,307188,298679,328978,295529,324045,301498,300467,294120,304505,284734,290429,301479,286105,268757,293879,268574,260561,228612,226696,243066,224603,213176,208138
,대전광역시,-,-,-,-,-,-,-,-,-,-,-,-,-,-,-,-,-,-,-,256234,296756,310452,295662,335871,315639,314804,287663,295198,267578,322783,312560,304985,302944,304736,280028,287835,294814,283080,263532,252424,262432,264244,239635,230858,239559,220774,219252,211449
,울산광역시,-,-,-,-,-,-,-,-,-,-,-,-,-,-,-,-,-,-,-,-,-,-,-,-,-,-,0,185987,164160,179485,166690,170587,176413,191255,184499,169681,174389,180375,181662,159953,161146,164963,161433,159492,176015,170393,148190,135199
,세종특별자치시,-,-,-,-,-,-,-,-,-,-,-,-,-,-,-,-,-,-,-,-,-,-,-,-,-,-,-,-,-,-,-,-,-,-,-,-,-,-,-,-,-,-,32784,23805,56526,83994,65052,82073
,경기도,452060,533375,418045,542224,579194,1006818,770036,880019,985879,984187,1085764,806192,971778,1253162,1146201,1211995,1297795,1388645,1450813,1447161,1609933,1472190,1564272,1711603,1807997,1952466,1905357,1950705,1707411,2079470,2042327,2256103,2449422,2304535,2079220,2197321,2459641,2306957,2195585,2175681,2168820,2062422,1944962,1895434,1891775,1993080,1958593,1888324
,강원도,160959,183964,161637,241663,184385,326365,239946,246070,264577,233897,293328,280036,276861,306128,283921,271814,266248,267082,254715,252860,249409,252140,240866,234899,234353,263349,240874,254242,262688,277214,255403,256767,266880,269296,252902,245689,254508,245182,252193,249191,241738,236077,225896,217917,228369,227125,223484,211653
,충청북도,100041,111901,99573,122988,125958,246251,164008,163716,182753,167420,227621,199751,207913,230425,222296,226908,222294,223845,225487,224484,263415,258597,244908,242162,227781,249033,234598,252139,232414,255180,235155,230828,243571,246415,231167,235907,245977,253433,244672,232872,235671,228594,212263,215973,215944,214626,202679,197177
,충청남도,192979,205632,190175,239750,217167,482034,292314,341491,384579,327162,405973,384250,397886,466795,461768,434868,429259,453191,479092,218897,225074,221453,205298,221321,214126,253838,258224,283331,262993,280280,265599,266541,274820,312739,364482,325444,336866,355213,355294,329626,317853,321187,287195,281428,289627,289952,286764,288738
,전라북도,136856,165843,153347,185754,173873,368163,236947,271557,302745,257738,334630,341182,328446,359443,325918,332232,320907,336104,346268,324263,342446,335219,347781,315824,302520,361364,319791,325923,345687,366647,350628,370943,338554,397299,329911,311537,327237,332957,322495,314137,305789,308011,271835,258198,274337,261832,248188,232047
,전라남도,177536,243793,218180,301023,313318,572277,426056,460561,530257,467410,603459,555593,556325,653216,578625,577823,341022,373887,353613,322329,342318,320000,313436,295599,263849,331240,302707,293862,331140,355423,325511,320992,316647,326582,276573,284412,284276,287179,277906,281051,265600,261239,239026,244329,260278,250104,234132,227504
,경상북도,407643,470732,519508,605014,585406,1241147,739579,855263,947641,907292,1004311,441825,403659,438685,400881,397346,424060,456629,440750,402478,437000,449029,412622,421328,392828,419925,416050,395678,388186,424035,380638,380826,384589,371006,360764,374711,391486,380925,363297,367244,354575,363511,335362,329118,337041,344730,315652,311061
,경상남도,212521,214358,196534,282238,358116,514805,386917,457139,564057,535159,572251,566967,598107,656220,651485,608176,608659,686554,675152,638537,704656,723250,746907,656486,684247,679704,683550,459955,488910,490751,463895,458485,514140,523882,474081,493352,496713,491542,487356,485349,481955,473757,414556,427658,462239,455384,411952,413179
,제주특별자치도,14551,19064,19404,25845,29176,50939,36273,43287,45012,44965,59168,59222,58848,71649,68207,63619,64405,68494,70300,68255,74806,74509,77302,73507,75609,83338,78175,79365,93844,90598,85242,96251,95668,98415,102978,93041,88992,83294,80124,76575,77224,82708,79501,88851,92508,97580,106825,105027
서울특별시,전국,1448985,1419016,1210559,1647268,1819660,2937093,2495620,2678007,3028911,2441242,2602912,2711478,2865994,3292353,2919812,2754023,2688836,2768999,3199831,2939473,2817484,2474117,2500698,2441965,2476583,2487230,2370792,2253203,1936944,2419111,2266346,2409733,2424472,2311691,1973439,2041756,2210458,2130928,2083352,1925452,1848038,1834806,1658928,1620640,1661425,1726687,1655859,1571423
,서울특별시,1232619,1158556,985945,1345508,1511726,2401970,2041724,2212213,2518286,1883742,1985766,2090599,2200559,2510626,2208384,2007557,1934992,2015454,2431698,2186860,1972421,1764051,1764955,1648211,1666106,1603840,1571154,1485450,1256643,1668474,1582429,1658076,1672647,1609693,1345348,1397713,1521108,1448604,1426213,1286855,1199708,1215122,1069300,1053008,1098023,1129529,1061915,1018807
,부산광역시,11568,11130,11768,16307,22220,27515,23732,27213,29856,28542,29202,30238,30035,31141,28498,27318,26235,26649,25188,22574,22005,20097,19344,18047,17411,17424,18460,17087,16839,17733,15968,16128,16732,16368,15559,15915,17079,17182,17353,17738,17418,18816,16135,16153,17320,17009,15062,14484
,대구광역시,-,-,-,-,-,-,-,-,-,-,-,14813,14702,16744,14033,13861,14210,14515,13470,13666,12219,11641,11397,11573,11106,11352,11418,10648,10383,11031,9986,9363,9077,10094,9121,9447,9792,10275,9720,10464,10277,10397,10135,10631,10062,10191,9623,8891
,인천광역시,-,-,-,-,-,-,-,-,-,-,-,54879,45878,57958,66715,67890,58591,58728,68068,73338,103533,80615,72097,67712,64485,62695,58631,60814,53946,54143,52829,52865,55500,44987,41567,46312,47467,51301,50493,45392,46082,51641,49640,47424,43212,44915,43745,40485
,광주광역시,-,-,-,-,-,-,-,-,-,-,-,-,0,0,0,0,11478,12324,14134,16784,16416,15345,14824,13419,13368,13758,13401,13518,13351,13429,11579,11266,10947,10525,10268,10447,11481,11624,10846,11725,11095,10587,10154,9129,9759,9216,8354,7932
,대전광역시,-,-,-,-,-,-,-,-,-,-,-,-,0,0,0,0,0,0,0,16281,19028,19496,17689,20291,18790,18989,18310,16685,19470,17463,16154,15163,14727,15557,14005,14366,14871,14277,13515,13632,13819,13900,14080,13440,13403,13453,12619,11815
,울산광역시,-,-,-,-,-,-,-,-,-,-,-,-,-,-,-,-,-,-,-,-,-,-,-,-,-,-,0,4545,4413,4563,4105,4266,4085,4456,4252,4227,4656,4801,5057,4845,4742,5188,5691,5542,6047,5950,5102,4260
,세종특별자치시,-,-,-,-,-,-,-,-,-,-,-,-,-,-,-,-,-,-,-,-,-,-,-,-,-,-,-,-,-,-,-,-,-,-,-,-,-,-,-,-,-,-,2998,2851,6481,7550,5943,5813
,경기도,130149,150313,93333,143234,149045,253705,202276,207722,237684,278411,297539,252073,320174,400875,352238,390265,412535,405220,415174,412933,473889,384714,428344,502584,542204,599411,520566,495454,407050,471841,435573,499575,516765,457656,400206,414621,449632,431637,412408,398282,410735,373771,354135,340801,332785,359337,370760,342433
,강원도,9352,12885,13561,16481,15479,27837,25927,25415,26700,27599,32858,32116,31013,31308,30470,29911,28489,28699,26691,26394,26591,25208,25215,23244,21384,24987,25221,25178,25840,25741,22832,22941,21582,21696,22071,20483,21969,22177,23668,23331,22736,23624,22332,20601,21173,22659,21590,21016
,충청북도,6700,9457,10853,12617,11786,21073,18029,17478,18420,20047,24548,23049,21256,24986,22416,23391,22329,21882,20853,19753,21586,21021,20038,18695,17270,18710,18231,17998,16948,17334,14934,14518,13838,13478,14014,13689,15221,15563,15294,15295,15461,15318,14555,13783,14244,14379,14087,13302
,충청남도,15954,18943,23406,27139,25509,51205,41447,43993,48091,45388,54480,51369,48834,55344,50318,49520,47888,48678,49038,31707,29993,28211,26600,25958,22293,26501,27159,27395,25928,26726,23083,22056,21155,24942,30246,26012,25986,28898,27458,24889,24522,24723,22269,21486,21473,22299,21741,21020
,전라북도,10814,13192,16583,18642,16647,34411,29835,28444,29676,31570,39396,39745,37169,39175,33460,34147,33661,34039,36159,30538,32144,26421,26220,24661,21939,23837,23078,22032,24307,25007,22390,29470,17619,28584,18171,17201,18244,19891,18390,18332,17569,17755,16120,14909,14566,14835,13835,13179
,전라남도,10513,16755,20157,22160,21314,46610,46251,43430,44624,47934,56251,57645,55408,57737,52779,52629,41082,42667,40695,36188,35589,29925,27258,25554,21737,24100,23790,22773,26176,29161,22969,22457,18179,20432,16529,17049,17329,17717,16601,17468,16429,15974,14765,14187,14591,14598,13065,12426
,경상북도,11868,16459,22073,27531,26902,46177,40376,41155,42940,43565,48839,30928,27440,29601,26842,26297,26221,27844,26235,22374,21490,19054,19342,17604,16067,17064,16899,15271,16103,16604,14576,14303,13762,13938,13414,14550,15285,15448,15425,16569,16042,15818,15191,14420,14456,15113,14236,12464
,경상남도,8409,10001,11263,15193,16771,23150,22400,27393,28697,30183,29205,28795,28250,30485,27988,25792,26002,26970,26801,24189,24216,21999,21546,19398,17887,19306,19061,12855,13340,13690,11741,12100,12290,13827,12973,14076,14510,16015,15438,15303,15689,16039,14474,14447,14799,15220,13717,12692
,제주특별자치도,1039,1325,1617,2456,2261,3440,3623,3551,3937,4261,4828,5229,5276,6373,5671,5445,5123,5330,5627,5894,6364,6319,5829,5014,4536,5256,5413,5500,6207,6171,5198,5186,5567,5458,5695,5648,5828,5518,5473,5332,5714,6133,6954,7828,9031,10434,10465,10404
부산광역시,전국,376059,328367,319360,414661,554013,694445,629165,696120,782978,734053,853118,826900,918812,912993,850489,807752,799693,887181,869281,797649,797544,777296,823847,767283,725663,730946,727099,686323,643339,693417,639669,645838,650378,667618,572337,589746,594601,565419,549106,549094,547800,532906,481652,496161,500802,520591,480407,467471
,서울특별시,24263,30144,18260,24251,30284,59914,43416,42685,48142,39673,44197,49939,50295,54700,47422,41464,35910,35328,37368,36986,34978,29020,29619,29378,26852,25525,24721,24872,23220,27100,28564,28366,28049,26569,24266,24941,26831,26951,25249,24459,23116,23016,21437,19621,20616,19441,19236,19460
,부산광역시,307900,248102,245789,316491,447094,490794,462171,511015,577302,534200,623421,593332,685927,663934,627069,595863,601161,672784,661275,595930,577707,571157,613596,562445,536710,545987,545172,510780,471201,514844,466071,474981,464122,481232,407434,422008,428583,397716,387878,391404,393530,376930,340468,358352,353282,376345,340521,321606
,대구광역시,-,-,-,-,-,-,-,-,-,-,-,10374,10397,12048,10288,9576,9815,10341,9490,9801,9085,8466,8398,8015,7950,7583,7256,7014,6549,6773,6363,6162,5818,6096,5510,5357,5307,5137,4922,4785,5066,4981,5225,5027,5300,4553,4616,4506
,인천광역시,-,-,-,-,-,-,-,-,-,-,-,4186,3851,4629,4311,4362,4045,4443,4438,4711,5339,4858,4871,4984,4509,4158,3836,3813,3573,4028,3882,3953,4338,3749,3562,3605,3504,3834,3544,3236,3230,3741,3180,2986,3143,3185,3092,2994
,광주광역시,-,-,-,-,-,-,-,-,-,-,-,-,0,0,0,0,2069,2207,2255,2734,2815,2710,2416,2523,2313,1981,1844,1715,1794,1942,1640,1564,1492,1429,1354,1200,1203,1351,1300,1244,1338,1329,1430,1047,1856,1195,1100,1073
,대전광역시,-,-,-,-,-,-,-,-,-,-,-,-,0,0,0,0,0,0,0,2692,3308,3262,3598,3536,3316,3068,3074,2937,3356,3107,3012,2865,2869,2776,2513,2391,2590,3121,2513,2305,2266,2511,2436,2125,2150,2209,2211,2159
,울산광역시,-,-,-,-,-,-,-,-,-,-,-,-,-,-,-,-,-,-,-,-,-,-,-,-,-,-,0,16111,13111,13688,13580,13958,13864,14501,14174,12982,12609,12318,12633,10980,11106,11866,11465,11600,12305,11810,10015,9423
,세종특별자치시,-,-,-,-,-,-,-,-,-,-,-,-,-,-,-,-,-,-,-,-,-,-,-,-,-,-,-,-,-,-,-,-,-,-,-,-,-,-,-,-,-,-,445,261,480,929,855,862
,경기도,6350,6543,4788,7364,6589,15314,10705,11070,12268,12261,14026,10618,11943,15103,13736,14248,15045,16365,15939,16318,17246,16648,15955,17273,16396,17014,16897,17298,16630,20332,20758,20771,21729,21256,20339,21037,21814,21659,19062,18810,19961,20127,17454,15931,16623,16441,16401,15837
,강원도,2090,2291,2062,2356,2291,5100,4485,4877,5563,5145,7019,6654,6469,5985,5148,5604,4631,4498,3969,4156,4178,3732,3664,3626,3155,3135,3223,3258,3447,3255,2812,2882,2639,2902,2855,2430,2364,2496,2452,2378,2569,2548,2130,2158,2085,2305,2104,2221
,충청북도,1031,1285,1221,1351,1253,2826,2348,2835,2684,3119,4156,3717,3654,4070,3559,3468,3039,3012,2736,2950,3041,3212,2948,2938,2326,2444,2386,2496,2533,2398,2191,2024,2126,2175,2113,1955,1844,2117,1831,1920,1986,1997,1779,1736,1968,2023,1877,2050
,충청남도,1901,1994,1801,2255,2212,6467,4149,4584,5656,4526,5827,5644,5361,6103,5891,6087,5241,5584,5413,2841,2909,2826,2480,2582,2508,2982,3850,3757,3450,3508,3110,2997,3337,3748,4774,3752,3635,3741,3744,3738,3893,3758,3334,2909,3664,3164,3160,3242
,전라북도,1105,1481,1733,1861,1764,4423,3756,4549,5271,5394,7762,7822,6110,6449,4627,4773,4338,4457,4403,3657,3924,3588,3157,2968,2589,2531,2562,2442,2502,2822,2275,2783,1876,2996,1865,1730,1627,2006,1666,1613,1695,1993,1790,1519,1600,1680,1604,1566
,전라남도,2613,3034,3446,3996,4139,11486,11509,12931,15505,15853,19130,18688,16872,17573,16590,16248,12821,12980,11226,11212,11530,9872,8754,8156,6559,6469,6192,6059,7106,7334,5600,5465,4406,4920,3917,3683,3710,3818,3640,3887,3545,3743,3379,3367,3277,3586,3380,3269
,경상북도,7791,10233,12697,16373,16203,30395,27465,28592,30724,31843,36580,23777,22648,23370,20371,20415,19430,20209,18623,17505,17077,15997,15601,15191,13516,13355,13235,12942,13184,13274,11629,11231,10807,10430,10084,11764,12482,11489,10582,10956,10837,10860,10327,9776,10464,10768,9400,9096
,경상남도,20249,22405,26556,37134,41052,65865,57329,71107,77865,79912,88337,89320,92495,95378,88279,82913,79491,91892,89274,83037,100794,98775,105648,100739,94491,92245,90375,68287,68758,66261,65707,63222,80103,80251,65043,68659,64412,65573,66150,65453,61882,61631,53445,55750,59858,58222,57887,65114
,제주특별자치도,766,855,1007,1229,1132,1861,1832,1875,1998,2127,2663,2829,2790,3651,3198,2731,2657,3081,2872,3119,3613,3173,3142,2929,2473,2469,2476,2542,2925,2751,2475,2614,2803,2588,2534,2252,2086,2092,1940,1926,1780,1875,1928,1996,2131,2735,2948,2993
대구광역시,전국,-,-,-,-,-,-,-,-,-,-,-,481534,521117,582412,525143,518560,513581,570103,558115,517090,528024,522785,558150,524762,538742,537292,528825,499790,474560,503678,480947,463131,476535,490571,431605,465300,454076,416398,422676,411288,382657,383310,359206,363224,365739,364364,337488,333118
,서울특별시,-,-,-,-,-,-,-,-,-,-,-,19760,23725,32205,28897,25736,21724,20130,22080,21201,19521,17638,16451,15442,14193,14137,14456,14410,13888,16322,16970,16841,16781,15963,15093,15386,15902,15849,14824,15469,13915,13310,13838,13673,13735,13038,12802,13011
,부산광역시,-,-,-,-,-,-,-,-,-,-,-,10590,10732,10512,10804,10696,10114,10496,10019,8789,8848,7788,7119,6410,5848,6241,6584,6434,6290,6566,5844,6086,5687,6177,5567,5784,5232,5374,5066,5207,5050,4906,5216,5543,6157,5182,4860,4840
,대구광역시,-,-,-,-,-,-,-,-,-,-,-,348566,393803,438255,390862,384972,383388,429854,417433,387612,387458,389023,432375,401316,425696,421778,397170,376257,355609,380180,367458,345148,358842,372007,315547,337457,325969,297869,311113,298755,274649,276495,254661,258107,252642,259185,240722,236143
,인천광역시,-,-,-,-,-,-,-,-,-,-,-,1440,1640,1921,1927,2036,1922,2074,1927,2272,2438,2099,2087,2111,1957,1963,2093,2033,1828,2199,2209,2575,2528,2392,2252,2257,2250,2442,2125,2003,1968,2000,1979,2202,2015,1987,1962,1930
,광주광역시,-,-,-,-,-,-,-,-,-,-,-,-,0,0,0,0,517,529,629,704,620,511,502,448,357,493,529,464,523,562,531,622,564,646,623,670,668,602,563,624,527,577,711,622,902,629,547,515
,대전광역시,-,-,-,-,-,-,-,-,-,-,-,-,0,0,0,0,0,0,0,2014,2169,2119,2044,2330,2253,2502,2751,2418,2314,2528,2378,2561,2672,2471,2397,2528,2483,2221,2106,2057,1956,2063,2144,2219,2254,2085,1949,1978
,울산광역시,-,-,-,-,-,-,-,-,-,-,-,-,-,-,-,-,-,-,-,-,-,-,-,-,-,-,0,4074,3339,3476,3465,3835,3574,4054,4101,4211,4129,4023,4283,3740,3551,3586,3844,3833,3835,3675,3266,2604
,세종특별자치시,-,-,-,-,-,-,-,-,-,-,-,-,-,-,-,-,-,-,-,-,-,-,-,-,-,-,-,-,-,-,-,-,-,-,-,-,-,-,-,-,-,-,261,233,526,879,642,827
,경기도,-,-,-,-,-,-,-,-,-,-,-,4885,6273,8204,7742,7622,8341,9169,9005,9368,10022,9109,8964,8952,8552,10032,10261,10655,10459,11978,13071,13948,14262,14745,14690,15473,15510,14740,13724,14534,14596,13320,13581,13659,12813,12322,11918,12354
,강원도,-,-,-,-,-,-,-,-,-,-,-,3333,3211,3099,2883,2961,2928,2360,2135,2257,2295,2127,2157,2104,1953,2030,2024,2171,2189,2275,1889,1980,1927,2099,2084,1941,1970,1937,1996,1942,2039,1843,1807,1820,1884,1884,1748,1657
,충청북도,-,-,-,-,-,-,-,-,-,-,-,1748,1805,1933,1692,1632,1655,1847,1637,1862,1858,1898,2349,1733,1538,1728,2023,2093,2063,1939,1824,1852,1744,1857,1902,2004,1743,1919,1762,1880,1784,1849,1943,1958,2026,1957,1771,1824
,충청남도,-,-,-,-,-,-,-,-,-,-,-,2427,2983,3057,3250,3211,3280,3340,3164,1218,1303,1404,1302,1312,1272,1520,1924,2074,2047,1987,2087,2046,2014,2324,3163,2770,2594,2763,2717,2579,2730,2647,2706,2599,2682,2509,2323,2578
,전라북도,-,-,-,-,-,-,-,-,-,-,-,1594,1649,1638,1377,1552,1553,1424,1174,1066,1043,983,941,876,786,922,951,1026,1061,1119,1016,1344,946,1310,959,900,863,999,970,935,860,1003,878,985,996,940,920,911
,전라남도,-,-,-,-,-,-,-,-,-,-,-,1875,1782,1812,1933,1751,1526,1461,1173,1335,1159,1048,960,822,736,937,1030,990,1056,1246,971,1069,920,1053,896,1022,1016,975,904,1012,985,947,977,948,985,953,907,897
,경상북도,-,-,-,-,-,-,-,-,-,-,-,70840,58430,63729,57719,61250,61419,71529,72574,62765,73655,72816,66905,67587,61811,59398,73160,65314,61948,61647,52556,54057,54952,51401,51928,60081,62429,53293,48562,49288,47895,49300,44922,45035,51852,46900,41444,41714
,경상남도,-,-,-,-,-,-,-,-,-,-,-,14182,14746,15522,15649,14750,14816,15424,14707,14144,14981,13585,13357,12768,11350,13068,13238,8674,9150,8853,7977,8373,8300,11259,9590,11978,10639,10734,11343,10599,9521,8821,8965,8941,9374,8922,8313,7704
,제주특별자치도,-,-,-,-,-,-,-,-,-,-,-,294,338,525,408,391,398,466,458,483,654,637,637,551,440,543,631,703,796,801,701,794,822,813,813,838,679,658,618,664,631,643,773,847,1061,1317,1394,1631
인천광역시,전국,-,-,-,-,-,-,-,-,-,-,-,296851,323344,370917,379871,367248,351641,389630,429474,406162,451178,423289,450319,466162,469610,462882,470473,485473,426896,492766,518153,525725,540582,526518,464170,491203,513839,553898,556166,476071,458439,470758,440872,439578,442973,463685,435869,411135
,서울특별시,-,-,-,-,-,-,-,-,-,-,-,41489,44852,56416,56649,51693,47891,46454,57870,50901,43247,44988,45332,44316,44734,41601,43084,40885,38404,48592,45970,46213,45171,43145,39059,39972,42334,41585,40479,38858,35670,33008,32216,33017,34380,33570,32486,32528
,부산광역시,-,-,-,-,-,-,-,-,-,-,-,3582,3570,3400,3385,3475,3821,3970,3422,3426,3400,3124,3348,3032,2872,3117,3162,2963,2895,3256,2895,2920,3139,2922,2745,2767,2814,2949,2842,2657,2738,3213,2691,2677,3088,2930,2616,2620
,대구광역시,-,-,-,-,-,-,-,-,-,-,-,1455,1607,1722,1657,1689,1691,1660,1739,1424,1543,1676,1846,1677,1669,1954,1794,1724,1665,1942,1806,1625,1691,1670,1601,1615,1645,1843,1680,1672,1628,1585,1702,1795,1734,1691,1551,1590
,인천광역시,-,-,-,-,-,-,-,-,-,-,-,183157,200084,231796,243975,232745,216240,251771,281064,270158,318771,289666,310754,317595,327840,312087,317278,334572,284347,320946,358102,356963,359818,348781,306772,334124,347928,387006,389945,318898,303966,325441,297979,297446,295375,314622,290783,266394
,광주광역시,-,-,-,-,-,-,-,-,-,-,-,-,0,0,0,0,1263,1344,1907,1715,1988,2383,2358,2086,2031,2046,2169,2368,2133,2388,2236,2202,2118,2213,2028,1932,2143,2350,2316,2147,2492,1979,1884,1939,2007,1894,1762,1518
,대전광역시,-,-,-,-,-,-,-,-,-,-,-,-,0,0,0,0,0,0,0,2083,2334,2619,2913,3445,3259,3370,3299,3296,3310,3525,3515,3221,3216,3196,2792,3088,2958,2742,2905,2812,2589,2820,2873,2673,2736,2756,2616,2552
,울산광역시,-,-,-,-,-,-,-,-,-,-,-,-,-,-,-,-,-,-,-,-,-,-,-,-,-,-,0,1025,831,1054,1015,1012,1015,1033,874,928,984,1062,1063,989,949,1081,1116,1289,1083,1359,1080,962
,세종특별자치시,-,-,-,-,-,-,-,-,-,-,-,-,-,-,-,-,-,-,-,-,-,-,-,-,-,-,-,-,-,-,-,-,-,-,-,-,-,-,-,-,-,-,597,592,990,1496,1398,1265
,경기도,-,-,-,-,-,-,-,-,-,-,-,31488,40075,43141,41246,43284,46434,50129,51180,46940,47519,46791,49119,59301,56323,61931,60340,60913,54556,70792,67498,74456,90856,84889,71763,72226,77178,75185,75557,70474,71031,65332,65127,63331,65903,66353,66764,67838
,강원도,-,-,-,-,-,-,-,-,-,-,-,4390,4228,4121,4004,4383,4467,4376,3769,4011,4284,4336,4795,4745,4444,5129,5474,5737,6572,6661,5512,5898,5834,5950,5565,5186,4908,5581,6033,5866,5808,5695,5339,5573,5549,5904,5598,5396
,충청북도,-,-,-,-,-,-,-,-,-,-,-,2964,2656,2836,2709,3114,3138,3299,3079,3278,3922,3997,4475,4685,3489,4055,4514,4411,4110,4420,4074,4137,3748,3914,3815,3637,4593,4363,4588,4157,4347,3952,4167,4172,4210,4624,4303,4051
,충청남도,-,-,-,-,-,-,-,-,-,-,-,8792,8463,9360,8719,9010,9498,9267,9142,7020,7241,6909,7627,8215,6740,8700,9257,9911,9281,9150,8386,8200,8132,9421,11370,9995,9884,11282,11146,9859,9985,9332,8591,8752,8964,9101,8728,8730
,전라북도,-,-,-,-,-,-,-,-,-,-,-,4904,3996,3832,3496,3606,3598,3571,3389,3206,3998,3936,4371,4257,3918,4902,4565,5143,5002,5437,4658,5982,4304,6507,4253,3991,4371,4717,4724,4490,4379,4347,3987,3577,3745,3581,3756,3502
,전라남도,-,-,-,-,-,-,-,-,-,-,-,6031,5566,5867,5579,6321,5155,5384,4823,4758,5106,4705,4880,4830,4243,5356,6360,5117,5954,6516,5034,5050,4137,4930,4113,4225,4179,4616,4409,4488,4257,4023,3725,3751,3848,3876,3523,3205
,경상북도,-,-,-,-,-,-,-,-,-,-,-,4088,3481,3308,3365,3396,3514,3583,3381,3010,3201,3071,3384,3421,3392,3542,3357,3422,3666,3804,3545,3420,3196,3572,3381,3375,3579,3819,3764,3902,3833,4217,4200,3944,3950,3982,3589,3352
,경상남도,-,-,-,-,-,-,-,-,-,-,-,3995,4297,4579,4515,4034,4344,4235,4079,3587,3808,4164,4296,3743,3911,4129,4789,2932,2993,3161,2888,3474,3005,3199,2883,3126,3216,3649,3621,3677,3515,3501,3242,3330,3470,3670,2941,2919
,제주특별자치도,-,-,-,-,-,-,-,-,-,-,-,516,469,539,572,498,587,587,630,645,816,924,821,814,745,963,1031,1054,1177,1122,1019,952,1202,1176,1156,1016,1125,1149,1094,1125,1252,1232,1436,1720,1941,2276,2375,2713
광주광역시,전국,-,-,-,-,-,-,-,-,-,-,-,-,-,-,-,-,238786,249630,313422,279132,302333,320043,324793,291976,302179,311209,298589,321553,293016,321192,301512,300588,289765,314192,287882,297762,304209,290248,268310,290771,265043,259282,230437,229288,246043,233875,221074,216256
,서울특별시,-,-,-,-,-,-,-,-,-,-,-,-,0,0,0,0,19251,18360,25298,23900,22098,18882,17489,17682,16277,15758,15711,15642,13979,17481,17894,17164,17593,17513,16061,15937,16315,16394,14708,14035,12642,11917,11811,10964,11518,10860,10432,10561
,부산광역시,-,-,-,-,-,-,-,-,-,-,-,-,0,0,0,0,2389,2457,2265,2133,2243,1619,1768,1497,1353,1351,1453,1218,1189,1403,1319,1326,1459,1458,1349,1229,1178,1168,1225,1308,1283,1206,1447,1157,1667,1418,1264,1135
,대구광역시,-,-,-,-,-,-,-,-,-,-,-,-,0,0,0,0,496,387,473,547,471,442,384,413,480,482,432,449,501,456,528,492,527,609,616,617,509,644,553,564,536,572,668,676,746,547,577,647
,인천광역시,-,-,-,-,-,-,-,-,-,-,-,-,0,0,0,0,1456,1603,2160,2200,2639,2382,2280,2377,2456,2150,2325,2490,2167,2388,2736,2744,2973,3021,2895,2809,2550,2896,2601,2304,2255,2155,2157,2109,2010,2167,2080,2000
,광주광역시,-,-,-,-,-,-,-,-,-,-,-,-,0,0,0,0,154955,158411,213502,188390,209699,237637,244033,209136,225147,217234,211203,235814,202826,216973,198924,200853,194104,206460,191850,202882,207532,195536,182473,206147,183496,179871,152570,155265,164321,150777,145582,142174
,대전광역시,-,-,-,-,-,-,-,-,-,-,-,-,0,0,0,0,0,0,0,1277,1286,1395,1308,1582,1455,1539,1404,1435,1374,1621,1640,1650,1856,1995,1946,1817,1670,1698,1575,1494,1633,1705,1575,1610,1665,1481,1537,1383
,울산광역시,-,-,-,-,-,-,-,-,-,-,-,-,-,-,-,-,-,-,-,-,-,-,-,-,-,-,0,365,324,378,471,400,497,524,406,426,503,471,495,424,437,428,642,448,518,538,398,322
,세종특별자치시,-,-,-,-,-,-,-,-,-,-,-,-,-,-,-,-,-,-,-,-,-,-,-,-,-,-,-,-,-,-,-,-,-,-,-,-,-,-,-,-,-,-,278,239,593,926,706,777
,경기도,-,-,-,-,-,-,-,-,-,-,-,-,0,0,0,0,5899,6717,8278,8643,9121,8708,8807,9383,8474,9399,9793,9989,9400,11506,12520,12713,14999,16192,15857,15505,15954,15017,13296,12813,13061,11716,11920,10895,11972,10788,10004,9812
,강원도,-,-,-,-,-,-,-,-,-,-,-,-,0,0,0,0,1126,935,978,1053,1025,976,957,961,915,873,897,849,895,952,964,929,864,999,955,945,939,945,937,885,1077,891,872,899,954,1029,827,859
,충청북도,-,-,-,-,-,-,-,-,-,-,-,-,0,0,0,0,403,404,572,578,707,702,706,633,662,682,667,679,743,711,742,766,812,867,859,758,865,869,869,802,831,931,849,782,945,970,848,910
,충청남도,-,-,-,-,-,-,-,-,-,-,-,-,0,0,0,0,1557,1896,1890,753,763,791,780,837,888,976,1297,1275,1213,1135,1252,1183,1378,1690,2388,1899,2026,1911,1983,1895,1900,2083,1858,1843,2215,2053,1966,1986
,전라북도,-,-,-,-,-,-,-,-,-,-,-,-,0,0,0,0,4418,4448,4675,4797,5164,4599,4589,4795,4618,5428,5518,5657,5968,6694,6382,7892,5995,8637,6564,6036,6363,6654,6011,5549,5742,5785,5972,5549,5798,5632,5618,5288
,전라남도,-,-,-,-,-,-,-,-,-,-,-,-,0,0,0,0,43833,51130,49866,41588,43667,38521,38516,39538,36454,52238,44787,43187,49963,56532,53374,49540,43660,50930,42976,43828,44579,42694,38371,39406,37069,36775,34736,33736,37356,40882,35818,35140
,경상북도,-,-,-,-,-,-,-,-,-,-,-,-,0,0,0,0,702,719,799,796,775,617,799,733,678,673,722,636,653,797,670,776,737,801,831,813,866,859,844,828,850,881,856,819,981,1008,835,829
,경상남도,-,-,-,-,-,-,-,-,-,-,-,-,0,0,0,0,1785,1627,2089,1882,1884,2059,1659,1708,1696,1666,1680,1116,992,1263,1325,1254,1287,1626,1458,1477,1599,1603,1599,1543,1520,1605,1457,1475,1767,1643,1453,1242
,제주특별자치도,-,-,-,-,-,-,-,-,-,-,-,-,0,0,0,0,516,536,577,595,791,713,718,701,626,760,700,752,829,902,771,906,1024,870,871,784,761,889,770,774,711,761,769,822,1017,1156,1129,1191
대전광역시,전국,-,-,-,-,-,-,-,-,-,-,-,-,-,-,-,-,-,-,-,230055,263293,273837,271532,297841,285155,297054,272745,285604,255485,313174,303984,298145,294389,298910,277412,284625,292499,284128,269142,258182,263477,260900,239136,230547,248397,241390,229883,227624
,서울특별시,-,-,-,-,-,-,-,-,-,-,-,-,0,0,0,0,0,0,0,16817,16179,15369,14576,14260,13828,14575,15097,15538,14539,17672,18698,17689,18307,17436,16090,16639,17812,17868,17325,17439,15793,14890,14570,14156,14172,13559,13726,14118
,부산광역시,-,-,-,-,-,-,-,-,-,-,-,-,0,0,0,0,0,0,0,1823,1945,1909,2030,1877,1774,2119,2118,2146,2096,2453,2227,2158,2192,2161,1925,2042,1969,2023,2005,2064,1976,2074,2013,1986,2190,2054,1807,1762
,대구광역시,-,-,-,-,-,-,-,-,-,-,-,-,0,0,0,0,0,0,0,1301,1229,1295,1437,1441,1616,2188,1930,1996,2007,2219,1944,1796,1956,1910,1914,1940,1826,1902,1783,1859,1757,1848,1734,1762,1818,1667,1710,1524
,인천광역시,-,-,-,-,-,-,-,-,-,-,-,-,0,0,0,0,0,0,0,1850,2456,2114,2240,2325,2472,2577,2837,3038,2931,3200,3273,3362,3383,3372,2766,2946,2916,3094,2983,2730,2762,2782,2812,2662,2621,2516,2463,2458
,광주광역시,-,-,-,-,-,-,-,-,-,-,-,-,0,0,0,0,0,0,0,836,935,963,885,1000,1148,1307,1328,1400,1367,1460,1461,1450,1413,1372,1472,1477,1505,1481,1470,1419,1512,1261,1130,1247,1248,1321,1089,1026
,대전광역시,-,-,-,-,-,-,-,-,-,-,-,-,0,0,0,0,0,0,0,162657,194537,205625,203082,232456,218557,216372,187937,195779,169009,218594,211847,206129,201578,199701,180188,189569,196741,187040,174748,166836,175962,175460,152381,148793,156961,139609,138876,131656
,울산광역시,-,-,-,-,-,-,-,-,-,-,-,-,-,-,-,-,-,-,-,-,-,-,-,-,-,-,0,880,716,726,765,750,664,795,736,715,724,830,911,680,745,728,952,822,909,939,662,621
,세종특별자치시,-,-,-,-,-,-,-,-,-,-,-,-,-,-,-,-,-,-,-,-,-,-,-,-,-,-,-,-,-,-,-,-,-,-,-,-,-,-,-,-,-,-,8907,4012,14093,25788,17575,23707
,경기도,-,-,-,-,-,-,-,-,-,-,-,-,0,0,0,0,0,0,0,9028,8826,9205,10080,10015,10204,12720,14065,14867,14293,17471,18360,18375,19518,19641,18435,19258,19748,19408,18323,18446,18022,16492,15967,15775,15189,15354,15141,14807
,강원도,-,-,-,-,-,-,-,-,-,-,-,-,0,0,0,0,0,0,0,1312,1268,1453,1495,1365,1564,1711,2058,2455,2542,3049,2700,2791,2981,2831,2568,2454,2470,2735,2765,2863,2603,2877,2411,2737,2400,2423,2213,2302
,충청북도,-,-,-,-,-,-,-,-,-,-,-,-,0,0,0,0,0,0,0,7311,7952,7870,8501,7587,7031,8558,8861,9399,9756,9891,9361,8941,9215,9703,9464,8860,9567,9862,9720,8913,8847,8847,8116,8308,8256,8265,7748,7653
,충청남도,-,-,-,-,-,-,-,-,-,-,-,-,0,0,0,0,0,0,0,17946,18041,17721,17668,15906,17157,23668,24745,26623,23839,22559,21068,20512,21349,25457,29629,25723,23988,24119,24606,21987,21192,21076,16747,16924,16552,16030,15824,15321
,전라북도,-,-,-,-,-,-,-,-,-,-,-,-,0,0,0,0,0,0,0,3420,3788,3713,3459,3606,3471,4220,4306,4312,4780,5438,4776,6687,4572,6066,4818,4768,4677,5258,4642,4758,4300,4478,3952,3761,4116,3766,3552,3627
,전라남도,-,-,-,-,-,-,-,-,-,-,-,-,0,0,0,0,0,0,0,1183,1294,1272,1259,1281,1360,1549,1644,1838,2050,2310,2163,2160,1752,2124,1876,1952,1894,1930,1866,1884,1815,1929,1714,1755,1799,1798,1672,1603
,경상북도,-,-,-,-,-,-,-,-,-,-,-,-,0,0,0,0,0,0,0,1940,1986,2201,2297,2137,2274,2601,2600,2546,2758,3402,2869,2878,2929,3522,2782,3198,3440,3168,2965,3181,3190,3144,2841,2773,2851,2914,2767,2600
,경상남도,-,-,-,-,-,-,-,-,-,-,-,-,0,0,0,0,0,0,0,2439,2582,2868,2262,2301,2442,2552,2826,2382,2404,2255,2008,1950,2079,2337,2224,2572,2712,2884,2607,2635,2549,2532,2349,2389,2483,2420,2174,2004
,제주특별자치도,-,-,-,-,-,-,-,-,-,-,-,-,0,0,0,0,0,0,0,192,275,259,261,284,257,337,393,405,398,475,464,517,501,482,525,512,510,526,423,488,452,482,540,685,739,967,884,835
울산광역시,전국,-,-,-,-,-,-,-,-,-,-,-,-,-,-,-,-,-,-,-,-,-,-,-,-,-,-,0,182149,169728,181385,163474,164599,173788,189383,182735,170073,176800,181367,177756,164984,164671,163091,157427,157185,173229,170473,155812,147116
,서울특별시,-,-,-,-,-,-,-,-,-,-,-,-,-,-,-,-,-,-,-,-,-,-,-,-,-,-,0,5394,5666,6297,6129,6430,6568,6601,6364,6174,6722,6721,6262,6512,6484,6278,6799,6347,6458,6954,6750,6708
,부산광역시,-,-,-,-,-,-,-,-,-,-,-,-,-,-,-,-,-,-,-,-,-,-,-,-,-,-,0,10572,11556,11621,9863,10248,10790,11364,10873,10781,11135,10865,9784,11094,10242,9762,9511,10589,11090,11255,10246,10467
,대구광역시,-,-,-,-,-,-,-,-,-,-,-,-,-,-,-,-,-,-,-,-,-,-,-,-,-,-,0,3156,3617,3387,3092,2767,3171,3157,3121,3129,3175,3018,2853,3003,3150,2874,3054,3282,3275,3189,3216,3335
,인천광역시,-,-,-,-,-,-,-,-,-,-,-,-,-,-,-,-,-,-,-,-,-,-,-,-,-,-,0,1105,1008,1172,1094,996,1177,1143,1116,1102,1074,1023,1024,1000,989,968,1045,1054,1085,1249,1135,1033
,광주광역시,-,-,-,-,-,-,-,-,-,-,-,-,-,-,-,-,-,-,-,-,-,-,-,-,-,-,0,433,527,568,463,374,434,371,349,388,415,352,388,432,405,330,377,379,406,482,416,392
,대전광역시,-,-,-,-,-,-,-,-,-,-,-,-,-,-,-,-,-,-,-,-,-,-,-,-,-,-,0,937,968,1028,952,801,934,990,873,846,880,812,729,817,929,855,863,779,839,890,984,907
,울산광역시,-,-,-,-,-,-,-,-,-,-,-,-,-,-,-,-,-,-,-,-,-,-,-,-,-,-,0,129141,116504,127876,115859,117311,123801,135547,131496,118166,122943,127956,127569,112338,113357,114569,109156,107253,122133,116131,103342,94789
,세종특별자치시,-,-,-,-,-,-,-,-,-,-,-,-,-,-,-,-,-,-,-,-,-,-,-,-,-,-,-,-,-,-,-,-,-,-,-,-,-,-,-,-,-,-,61,87,188,306,273,352
,경기도,-,-,-,-,-,-,-,-,-,-,-,-,-,-,-,-,-,-,-,-,-,-,-,-,-,-,0,4976,4784,5350,5194,5123,5498,6531,6006,6250,6212,5501,4990,5235,5539,5598,5667,5863,5321,5847,5955,6435
,강원도,-,-,-,-,-,-,-,-,-,-,-,-,-,-,-,-,-,-,-,-,-,-,-,-,-,-,0,1415,1857,1526,1254,1197,1161,1239,1128,998,998,1118,963,1055,1094,967,947,897,989,1128,1040,947
,충청북도,-,-,-,-,-,-,-,-,-,-,-,-,-,-,-,-,-,-,-,-,-,-,-,-,-,-,0,1032,1251,1153,971,907,974,929,885,942,1128,1116,970,893,1061,948,859,891,891,1162,990,977
,충청남도,-,-,-,-,-,-,-,-,-,-,-,-,-,-,-,-,-,-,-,-,-,-,-,-,-,-,0,5263,1893,1955,1364,1319,1206,1501,2089,1638,1631,1444,1546,1527,1591,1446,1353,1364,1452,1555,1493,1648
,전라북도,-,-,-,-,-,-,-,-,-,-,-,-,-,-,-,-,-,-,-,-,-,-,-,-,-,-,0,1226,1151,1085,846,1012,694,1318,750,629,740,758,880,1709,1302,1074,933,1198,1134,935,839,740
,전라남도,-,-,-,-,-,-,-,-,-,-,-,-,-,-,-,-,-,-,-,-,-,-,-,-,-,-,0,1909,1584,1508,1376,1208,1051,1261,1161,1117,1017,1069,1301,1058,989,897,919,972,1064,1222,1099,1175
,경상북도,-,-,-,-,-,-,-,-,-,-,-,-,-,-,-,-,-,-,-,-,-,-,-,-,-,-,0,7867,8601,8245,7254,7290,7469,7668,7480,7997,8763,8360,7886,8466,8080,8018,7794,7808,7801,8715,8264,7875
,경상남도,-,-,-,-,-,-,-,-,-,-,-,-,-,-,-,-,-,-,-,-,-,-,-,-,-,-,0,7389,8255,8137,7396,7202,8419,9378,8615,9433,9537,10899,10256,9498,9104,8178,7695,8022,8611,8772,9026,8521
,제주특별자치도,-,-,-,-,-,-,-,-,-,-,-,-,-,-,-,-,-,-,-,-,-,-,-,-,-,-,0,334,506,477,367,414,441,385,429,483,430,355,355,347,355,329,394,400,492,681,744,815
세종특별자치시,전국,-,-,-,-,-,-,-,-,-,-,-,-,-,-,-,-,-,-,-,-,-,-,-,-,-,-,-,-,-,-,-,-,-,-,-,-,-,-,-,-,-,-,15291,15109,23070,30950,35236,47383
,서울특별시,-,-,-,-,-,-,-,-,-,-,-,-,-,-,-,-,-,-,-,-,-,-,-,-,-,-,-,-,-,-,-,-,-,-,-,-,-,-,-,-,-,-,1015,1095,1497,2228,2812,3195
,부산광역시,-,-,-,-,-,-,-,-,-,-,-,-,-,-,-,-,-,-,-,-,-,-,-,-,-,-,-,-,-,-,-,-,-,-,-,-,-,-,-,-,-,-,147,184,235,364,343,443
,대구광역시,-,-,-,-,-,-,-,-,-,-,-,-,-,-,-,-,-,-,-,-,-,-,-,-,-,-,-,-,-,-,-,-,-,-,-,-,-,-,-,-,-,-,91,109,192,219,263,340
,인천광역시,-,-,-,-,-,-,-,-,-,-,-,-,-,-,-,-,-,-,-,-,-,-,-,-,-,-,-,-,-,-,-,-,-,-,-,-,-,-,-,-,-,-,264,312,322,451,537,632
,광주광역시,-,-,-,-,-,-,-,-,-,-,-,-,-,-,-,-,-,-,-,-,-,-,-,-,-,-,-,-,-,-,-,-,-,-,-,-,-,-,-,-,-,-,86,111,195,236,237,326
,대전광역시,-,-,-,-,-,-,-,-,-,-,-,-,-,-,-,-,-,-,-,-,-,-,-,-,-,-,-,-,-,-,-,-,-,-,-,-,-,-,-,-,-,-,2367,2350,2744,3684,4606,5871
,울산광역시,-,-,-,-,-,-,-,-,-,-,-,-,-,-,-,-,-,-,-,-,-,-,-,-,-,-,-,-,-,-,-,-,-,-,-,-,-,-,-,-,-,-,76,78,90,116,105,119
,세종특별자치시,-,-,-,-,-,-,-,-,-,-,-,-,-,-,-,-,-,-,-,-,-,-,-,-,-,-,-,-,-,-,-,-,-,-,-,-,-,-,-,-,-,-,4704,4105,10455,13990,14546,23245
,경기도,-,-,-,-,-,-,-,-,-,-,-,-,-,-,-,-,-,-,-,-,-,-,-,-,-,-,-,-,-,-,-,-,-,-,-,-,-,-,-,-,-,-,1488,1602,1840,2585,3436,3755
,강원도,-,-,-,-,-,-,-,-,-,-,-,-,-,-,-,-,-,-,-,-,-,-,-,-,-,-,-,-,-,-,-,-,-,-,-,-,-,-,-,-,-,-,193,238,219,316,410,482
,충청북도,-,-,-,-,-,-,-,-,-,-,-,-,-,-,-,-,-,-,-,-,-,-,-,-,-,-,-,-,-,-,-,-,-,-,-,-,-,-,-,-,-,-,1970,1875,1868,2308,2626,2815
,충청남도,-,-,-,-,-,-,-,-,-,-,-,-,-,-,-,-,-,-,-,-,-,-,-,-,-,-,-,-,-,-,-,-,-,-,-,-,-,-,-,-,-,-,2074,2205,2344,2905,3351,3881
,전라북도,-,-,-,-,-,-,-,-,-,-,-,-,-,-,-,-,-,-,-,-,-,-,-,-,-,-,-,-,-,-,-,-,-,-,-,-,-,-,-,-,-,-,219,245,310,411,633,707
,전라남도,-,-,-,-,-,-,-,-,-,-,-,-,-,-,-,-,-,-,-,-,-,-,-,-,-,-,-,-,-,-,-,-,-,-,-,-,-,-,-,-,-,-,163,129,186,251,316,369
,경상북도,-,-,-,-,-,-,-,-,-,-,-,-,-,-,-,-,-,-,-,-,-,-,-,-,-,-,-,-,-,-,-,-,-,-,-,-,-,-,-,-,-,-,199,218,269,403,440,452
,경상남도,-,-,-,-,-,-,-,-,-,-,-,-,-,-,-,-,-,-,-,-,-,-,-,-,-,-,-,-,-,-,-,-,-,-,-,-,-,-,-,-,-,-,196,212,241,344,411,488
,제주특별자치도,-,-,-,-,-,-,-,-,-,-,-,-,-,-,-,-,-,-,-,-,-,-,-,-,-,-,-,-,-,-,-,-,-,-,-,-,-,-,-,-,-,-,39,41,63,139,164,263
경기도,전국,353535,412098,382945,454426,484597,825258,645942,753564,817561,786271,948316,703279,793942,995853,940978,977801,1041498,1197193,1371971,1295977,1359422,1295128,1349401,1417105,1485920,1579952,1652688,1736957,1584923,1905336,1858301,2007156,2133640,2082492,1890345,2028470,2321008,2193857,2094988,2081528,2026383,1986623,1862209,1821303,1834379,1898312,1824976,1772162
,서울특별시,95388,95423,90470,107177,107518,207641,144524,154021,164771,168188,231651,187880,196664,230913,227920,226354,233258,307770,410274,345173,282914,256270,253605,256049,258897,262893,290660,298306,276685,340653,312616,319738,321390,325065,289817,311892,357818,336648,323515,317952,285963,272407,254175,246464,249701,239557,234357,234448
,부산광역시,4983,5309,4734,6146,9463,12408,11179,9599,12344,11097,12926,9578,9729,11237,10890,10530,12049,13543,13564,11682,11867,11281,11067,10511,10289,11534,12943,12374,12647,13143,12073,12721,13282,13703,12917,13514,15116,14842,14692,14672,15121,17591,14545,14261,15819,14973,13485,12853
,대구광역시,-,-,-,-,-,-,-,-,-,-,-,4814,4976,6082,5894,6021,6666,7227,7227,7084,7053,6890,6944,7506,7338,8372,8812,8352,8286,8909,8595,8454,8410,9425,8881,9376,9777,10193,10024,10225,10763,11163,11026,11009,10961,10043,9627,8872
,인천광역시,-,-,-,-,-,-,-,-,-,-,-,38045,35754,44663,47049,47262,47536,54441,62416,62370,71539,66622,66023,62487,60817,56281,57879,66514,63176,64569,67516,63017,66332,61265,61799,71697,78075,85221,76780,69462,67913,78724,76730,74479,71554,71513,65864,61797
,광주광역시,-,-,-,-,-,-,-,-,-,-,-,-,0,0,0,0,4102,4658,5915,6300,8237,7166,7554,7586,7903,8544,9101,11122,9308,10306,8949,8831,9065,9833,10059,10375,11779,11700,10979,11351,11678,11394,11286,9851,10751,9323,8232,7739
,대전광역시,-,-,-,-,-,-,-,-,-,-,-,-,0,0,0,0,0,0,0,9158,10766,11591,11743,13563,13407,14881,17226,15660,16927,16542,16514,16244,16423,17061,15377,16201,17191,17368,16437,15767,16368,16547,16907,15832,15187,15266,14586,13935
,울산광역시,-,-,-,-,-,-,-,-,-,-,-,-,-,-,-,-,-,-,-,-,-,-,-,-,-,-,0,3892,3583,3979,3637,4001,3805,4373,3814,4236,4481,4820,4882,4492,4733,5144,5700,5923,6068,6089,4712,3810
,세종특별자치시,-,-,-,-,-,-,-,-,-,-,-,-,-,-,-,-,-,-,-,-,-,-,-,-,-,-,-,-,-,-,-,-,-,-,-,-,-,-,-,-,-,-,5390,3974,7541,9672,7129,7006
,경기도,212365,263045,235877,284129,309489,493101,395632,492040,529175,496327,566970,363760,447364,593086,541457,573998,622598,681779,742871,742243,842522,809179,866274,932048,1009580,1082814,1111487,1176449,1043254,1287046,1284156,1421954,1554371,1471552,1323437,1427160,1649025,1525904,1454951,1455865,1435269,1387806,1294565,1274495,1275072,1346264,1301101,1259187
,강원도,7649,10196,9654,10628,9311,17354,15641,15136,16566,16444,21625,16919,16092,17450,17957,18965,18780,19466,18844,17874,20220,20225,20465,20070,19223,22531,24271,25690,27673,28366,26514,27034,27175,28657,28073,27191,29656,30500,32312,32788,31988,32456,31437,29598,29917,30961,29355,28698
,충청북도,4424,5159,5775,5484,5174,10913,8721,8624,9189,11331,14777,11061,11216,11931,12071,13467,13750,15231,15503,14527,17803,18980,19985,20896,17166,19147,20627,20695,20011,21991,19900,19187,19554,20484,20617,21541,25016,25174,25117,24020,24463,25238,23711,22826,23613,23692,22618,22486
,충청남도,10743,10372,11730,12829,11819,28118,21553,23089,26797,24144,30245,22387,22275,25906,24840,26981,28248,31988,32600,22728,24673,25355,25594,27626,24878,29241,31377,34942,32622,34233,31988,32431,31388,37959,46934,40701,42966,46539,44467,42593,41910,43735,37616,36185,37181,37791,37784,39295
,전라북도,3221,4050,4261,4935,4109,9399,8506,9104,9727,10458,14163,11192,10800,11545,10695,11715,12481,13911,15330,13155,15244,15121,15423,15537,14336,16786,17085,17495,19197,20773,18854,25287,16578,29045,19468,19478,21777,23705,22348,21751,20759,21888,19854,18123,19776,18131,17045,16612
,전라남도,4287,4917,5780,6457,5779,13904,14495,13299,15343,15318,20456,15238,15401,17329,16866,18227,14495,16082,15474,14248,16085,15221,14732,14197,13154,15373,16815,16327,20155,22419,18535,18712,15745,19685,16540,18108,18670,20212,19102,19445,18243,18124,16979,16302,17144,16804,15073,14431
,경상북도,6171,7241,9208,10379,11731,18490,14853,16871,17805,17743,20064,10743,10461,11180,11075,11277,13222,14277,14433,13357,13122,13195,12911,13003,12647,13978,14741,14218,15471,15604,13654,14442,13841,15102,14692,17386,18434,18664,18218,19314,19488,20553,19406,18618,18608,20166,18022,16077
,경상남도,3916,5956,4884,5582,9509,12599,9742,10846,14753,13782,13846,10279,11944,12599,12656,11365,12674,14754,15362,13705,14648,15213,14265,13372,13735,14741,16344,11153,11759,12241,10948,11208,12106,14705,13230,14841,16185,17478,16545,16855,16289,17884,16342,15806,16408,17483,15049,13661
,제주특별자치도,388,430,572,680,695,1331,1096,935,1091,1439,1593,1383,1266,1932,1608,1639,1639,2066,2158,2373,2729,2819,2816,2654,2550,2836,3320,3768,4169,4562,3852,3895,4175,4578,4690,4773,5042,4889,4619,4976,5435,5969,6540,7557,9078,10584,10937,11255
강원도,전국,197181,218958,192371,277465,233685,386575,281828,291783,315354,284177,317838,302412,306669,350811,326123,300318,299747,312214,307197,310793,297046,290170,265711,259485,252824,272699,248744,255164,253798,281012,266537,264880,284061,282359,261244,257162,264068,251328,250883,247373,241183,231424,225184,214931,226284,222352,221592,209618
,서울특별시,34563,38588,32497,40922,42649,74065,52651,52262,56527,47207,49751,48796,51641,56878,53877,48477,43650,46146,47034,47477,41575,36056,31842,31278,26647,25677,26588,25443,24182,28384,27874,27310,27914,27149,24930,24700,25788,25518,24484,24376,22798,21559,21324,19954,20174,20030,19877,19761
,부산광역시,4385,4008,3611,4399,6724,8563,8290,7498,9612,9929,8732,7302,6943,8070,7638,6392,6910,7445,7368,6004,5590,5096,3957,3532,3098,2846,2995,2722,2510,2945,2733,2609,2590,2564,2403,2310,2151,2346,2283,2255,2333,2288,2198,2020,2183,2333,2167,2028
,대구광역시,-,-,-,-,-,-,-,-,-,-,-,4056,3954,4371,4157,3595,3803,4408,4073,4273,3583,3545,3280,3020,2523,2490,2255,1945,1931,2143,2082,1820,2015,2055,1852,1790,1881,1788,1819,1860,1653,1703,1838,1701,1549,1735,1818,1536
,인천광역시,-,-,-,-,-,-,-,-,-,-,-,6348,5412,6735,7976,6788,7104,8657,8047,8672,9603,8523,7431,7171,6347,6101,5790,5926,5259,6176,5956,6072,6948,6400,5863,5348,5741,5745,5422,5215,5092,4999,5407,5071,5148,5058,5080,4663
,광주광역시,-,-,-,-,-,-,-,-,-,-,-,-,0,0,0,0,1014,1114,1163,1162,1131,1135,959,960,840,715,820,842,864,1061,974,897,837,833,918,921,936,881,838,929,882,861,843,805,828,945,751,730
,대전광역시,-,-,-,-,-,-,-,-,-,-,-,-,0,0,0,0,0,0,0,2590,2493,2561,2281,2366,2318,2245,2763,2609,2809,3208,3329,3520,3621,3414,3054,3047,2975,3088,2914,2775,2976,3282,3257,2995,2867,2902,2783,2682
,울산광역시,-,-,-,-,-,-,-,-,-,-,-,-,-,-,-,-,-,-,-,-,-,-,-,-,-,-,0,1536,1142,1289,1370,1395,1336,1459,1220,1160,1112,1292,1268,1100,1162,1050,1234,1095,1146,1103,939,766
,세종특별자치시,-,-,-,-,-,-,-,-,-,-,-,-,-,-,-,-,-,-,-,-,-,-,-,-,-,-,-,-,-,-,-,-,-,-,-,-,-,-,-,-,-,-,311,272,490,765,710,797
,경기도,16420,18593,14970,17183,18448,34318,24750,26545,30268,31623,29618,22099,22629,28817,28698,26827,28393,33546,32909,35186,34845,32034,29275,28986,26566,26241,27449,26549,25291,30092,31013,31758,35161,35126,33271,32934,33746,32380,30847,30370,31431,28919,29601,27207,28207,28238,28369,27656
,강원도,113485,128222,112559,180716,130356,212434,154239,162520,170661,151052,186495,175961,179155,205866,185322,174284,174443,175327,172443,173953,167644,173466,161850,159416,163492,184202,158515,168235,171176,183780,171050,169491,182229,181717,167246,165077,170234,158066,161854,158826,153165,147142,140649,136041,145250,140018,140921,130963
,충청북도,7971,8567,6232,7370,8105,15129,9661,8070,8038,7892,8998,8360,7885,8353,7893,7602,7284,7402,7064,7739,8012,7444,6695,6283,5637,5539,5597,5406,4923,5593,5512,5185,6288,5984,5009,5020,4911,5167,4864,5093,5144,4974,4553,4267,4440,4706,4890,4764
,충청남도,3363,3726,3571,3491,3339,7909,4577,4745,5653,4781,4788,4648,4904,4975,4917,5028,5378,5180,5123,2912,2811,3018,2456,2507,2390,2779,3128,3156,3026,3646,3450,3396,3855,3780,4640,4047,3800,4097,3839,3927,3854,4106,3548,3445,3550,3743,3316,3645
,전라북도,1199,1485,1408,1735,1418,2942,1952,1943,2194,1983,2213,2699,2375,1979,2136,1945,1943,1842,1800,1566,1739,1608,1393,1284,1202,1387,1405,1452,1413,1930,1618,1759,1474,1744,1552,1451,1523,1464,1454,1482,1453,1454,1528,1537,1470,1577,1464,1378
,전라남도,1355,1910,1931,2592,1989,4199,4009,3576,4151,3171,3451,3346,3524,3861,3690,3137,2586,2602,1943,1884,1873,1548,1457,1155,1175,1546,1512,1587,1713,2179,1867,1908,1727,1843,1692,1581,1685,1631,1489,1584,1587,1632,1509,1416,1521,1589,1497,1405
,경상북도,10916,10880,12269,14990,13647,18758,15512,16618,17155,16602,15911,11166,10208,11775,10644,9063,10032,10460,9522,9096,7965,7186,6333,6047,5487,5589,4835,4756,4624,5004,4539,4516,4513,4777,4382,4348,4116,4246,4156,4119,4014,4029,4057,3878,3916,3999,3593,3587
,경상남도,3279,2791,3054,3661,6727,7754,5811,7682,10762,9625,7516,7268,7679,8638,8726,6815,6803,7631,8227,7784,7590,6466,6071,5061,4752,4924,4690,2515,2378,2971,2636,2710,2946,2930,2598,2869,2935,3097,2885,2951,3157,2866,2737,2541,2731,2772,2483,2312
,제주특별자치도,245,188,269,406,283,504,376,324,333,312,365,363,360,493,449,365,404,454,481,495,592,484,431,419,350,418,402,485,557,611,534,534,607,584,614,559,534,522,467,511,482,560,590,686,814,839,934,945
충청북도,전국,147916,156593,124530,156909,166708,324499,213011,220085,267370,223664,266206,237424,248209,275424,267994,260438,250875,258557,259387,253510,280994,269728,244880,240478,231350,245262,228974,247215,226872,256626,239559,239356,251773,252496,236984,240615,244227,247741,237759,230351,229707,220515,207622,212860,213577,213188,197668,194915
,서울특별시,37625,39139,29513,36260,40154,72525,50313,50472,70017,50801,46387,46281,48848,50953,47731,43335,37318,38320,37344,34823,32517,28461,24072,20440,18776,17155,16900,17095,16073,18923,18321,17606,17878,16891,15895,15697,16516,16301,15672,15612,14561,13753,13624,13209,13291,13197,13032,12961
,부산광역시,3840,3073,2424,3353,4763,7790,6885,7178,8399,6279,6670,5525,5061,4948,4560,3927,3996,4515,3966,3337,3351,2850,2439,2123,1769,1837,1762,1828,1927,1986,1807,1716,1651,1672,1779,1629,1627,1588,1548,1556,1618,1628,1489,1565,1932,1757,1559,1660
,대구광역시,-,-,-,-,-,-,-,-,-,-,-,2832,2865,3022,2638,2531,2541,2705,2601,2257,2039,1974,1851,1657,1724,1777,1689,1549,1566,1797,1799,1695,1684,1623,1465,1749,1404,1517,1607,1613,1655,1555,1705,1693,1816,1450,1517,1443
,인천광역시,-,-,-,-,-,-,-,-,-,-,-,4670,4465,5724,6072,5071,5071,5863,5532,5484,6024,5356,4620,4355,4222,3839,3709,3834,3777,4293,3879,4231,4283,3953,3867,3695,3928,3955,3721,3591,3473,3428,3624,3429,3457,3509,3308,3416
,광주광역시,-,-,-,-,-,-,-,-,-,-,-,-,0,0,0,0,448,493,864,754,816,683,554,644,561,596,617,604,679,773,676,744,808,746,715,692,814,781,692,863,906,836,783,716,904,711,647,680
,대전광역시,-,-,-,-,-,-,-,-,-,-,-,-,0,0,0,0,0,0,0,11656,12026,12373,10124,11275,10634,10399,9966,10070,9636,11257,10937,10932,10956,10937,10344,10349,10483,9739,8956,8985,8853,9120,8803,8442,8552,7749,7917,8014
,울산광역시,-,-,-,-,-,-,-,-,-,-,-,-,-,-,-,-,-,-,-,-,-,-,-,-,-,-,0,998,814,886,901,948,959,886,756,851,798,834,902,776,755,782,954,1173,865,1057,716,633
,세종특별자치시,-,-,-,-,-,-,-,-,-,-,-,-,-,-,-,-,-,-,-,-,-,-,-,-,-,-,-,-,-,-,-,-,-,-,-,-,-,-,-,-,-,-,2797,2794,5940,9061,5544,6270
,경기도,12585,13937,9936,11396,12209,27810,18001,18693,23200,20751,22000,15315,16288,22042,21870,20073,21199,24987,23562,23629,22382,21684,20342,20037,18414,18286,19116,19429,18393,22144,22065,22828,25217,24189,24191,25082,24450,23231,21809,22588,22388,21319,20488,20083,19697,20075,19803,19833
,강원도,5741,6671,4951,5655,5513,11745,8027,7406,8011,6574,8370,8160,7725,8353,7481,6978,6462,7026,5900,4915,4829,4616,4791,4473,4453,4341,4468,4731,5362,5390,5220,6479,5265,5523,5050,4718,4848,4714,4774,5120,4563,4348,4312,4247,4736,4725,4420,4581
,충청북도,65127,71722,60135,79667,81662,156257,97992,101842,112514,99194,141794,121778,132321,146556,144108,146670,143861,142281,147273,147953,178769,172749,159621,160096,156287,171036,153545,170682,151945,171230,156984,154462,165597,167043,150691,157381,160782,166855,159835,151216,153067,145679,133461,139959,136614,133264,124156,119825
,충청남도,11611,12393,8602,9624,10482,24142,14174,15970,19982,20506,21284,16272,15668,17304,17191,17718,16822,17990,18860,6572,6426,6094,5927,5711,5467,6260,7582,7853,6827,7828,7550,7509,8223,9045,13021,9508,8908,8614,8600,8473,8376,8200,6253,6056,6304,6580,6056,6387
,전라북도,915,1148,1005,1222,853,3122,1837,1932,2452,1489,2197,2598,1593,1873,1833,1765,1805,1790,1593,1573,1661,1630,1637,1690,1513,1450,1633,1635,1857,1918,1838,2216,1711,2247,1743,1692,2033,2028,1957,1913,1823,1961,1744,1834,1773,1753,1692,1770
,전라남도,3087,1057,676,1212,964,2761,2784,2737,3554,1967,2714,2097,1983,2404,2375,2050,1481,1629,1287,1408,1386,1507,1166,1021,937,1083,1203,1327,1902,1501,1336,1712,1239,1267,1155,1158,1198,1181,1227,1253,1199,1248,1183,1209,1191,1344,1233,1232
,경상북도,5833,6115,5790,6458,6651,12886,8872,9177,11168,9474,9626,6123,5632,5751,5380,5230,5108,6000,5409,4644,4183,4379,3924,3855,3642,4190,3763,3569,3888,4403,4052,3907,3856,3948,3743,4003,4001,3875,3826,4197,3869,3996,3722,3692,3606,3859,3410,3475
,경상남도,1481,1227,1351,1901,3321,5215,3964,4523,7860,6427,4919,5527,5491,6167,6452,4858,4537,4699,4933,4266,4212,4985,3489,2795,2677,2757,2743,1694,1835,1902,1834,1902,1967,2054,2133,2034,1998,2154,2232,2187,2115,2193,2128,2119,2057,2259,1751,1726
,제주특별자치도,71,111,147,161,136,246,162,155,213,202,245,246,269,327,303,232,226,259,263,239,373,387,323,306,274,256,278,317,391,395,360,469,479,472,436,377,439,374,401,408,486,469,552,640,842,838,907,1009
충청남도,전국,240241,255973,212546,277908,268495,562558,344295,384884,422062,372344,444695,435356,447043,524543,516636,470881,462446,495793,520291,279524,278820,266897,233588,245580,234753,251923,246037,269231,253628,283195,273341,278169,288445,310057,329499,320445,329811,341850,339765,317511,301675,302546,277346,268053,279817,279680,271446,269337
,서울특별시,67033,63565,40803,53320,61038,115149,81692,76119,83411,77054,83934,83487,85697,92713,85798,79310,70815,74350,74634,55621,50923,42842,36934,33383,28352,26635,26741,26488,24143,28912,27407,26604,26741,26186,26035,26996,27214,27553,26659,26072,23115,21674,20638,19680,19841,19144,18726,18582
,부산광역시,4803,4599,3857,4961,7521,10430,9145,9924,10831,7780,8522,7921,6802,7063,6545,5571,5899,6388,6093,3131,3157,2569,2422,2087,1884,1847,1915,2398,2466,2615,2315,2463,2273,2590,2602,2707,2593,2747,2785,2741,2683,2881,2408,2328,2920,2548,2210,2303
,대구광역시,-,-,-,-,-,-,-,-,-,-,-,3453,3754,3834,3453,3057,3646,3643,3400,1757,1630,1432,1341,1318,1196,1393,1392,1479,1584,1619,1676,1570,1679,1840,1658,1943,1760,2039,1929,2011,1849,2128,1925,2038,2157,1999,1780,1754
,인천광역시,-,-,-,-,-,-,-,-,-,-,-,13948,12101,14864,15857,13834,13236,15325,15054,12016,12651,11859,10527,9571,8812,8292,8204,8471,7598,8860,8449,8136,9284,8544,8992,8734,8595,9110,8645,7899,7441,7214,7180,6793,6784,6636,6407,6251
,광주광역시,-,-,-,-,-,-,-,-,-,-,-,-,0,0,0,0,1425,1671,1847,1016,1090,976,1005,864,775,868,946,1397,1171,1149,1134,1115,1206,1224,1354,1628,1580,1530,1606,1644,1554,1617,1489,1450,1797,1468,1427,1447
,대전광역시,-,-,-,-,-,-,-,-,-,-,-,-,0,0,0,0,0,0,0,31199,32617,32568,25886,28190,26376,25953,25779,28966,24948,28084,25750,25347,26185,28359,28460,27386,26066,25609,23097,21214,21341,21494,18126,16502,17037,15551,15298,15082
,울산광역시,-,-,-,-,-,-,-,-,-,-,-,-,-,-,-,-,-,-,-,-,-,-,-,-,-,-,0,943,987,1052,1058,1017,1013,1031,1081,1072,1189,1231,1218,1025,1044,1306,1158,1376,1227,1468,1136,947
,세종특별자치시,-,-,-,-,-,-,-,-,-,-,-,-,-,-,-,-,-,-,-,-,-,-,-,-,-,-,-,-,-,-,-,-,-,-,-,-,-,-,-,-,-,-,4514,2915,6103,8384,5868,6587
,경기도,19969,23202,17362,22768,24896,53818,33809,35677,41919,43091,43492,32414,32786,42390,42274,39334,41894,49213,48873,38743,37746,35567,32597,32604,29658,29663,29913,31658,28972,34752,34994,36400,39866,40012,39801,41960,40570,41207,39780,38543,37414,35482,33244,31534,31925,33277,32054,31357
,강원도,3384,3940,3585,4553,3217,7634,4411,4253,4953,3885,5193,5125,4682,4988,4568,4511,4017,4562,4043,2401,2586,2513,2105,2133,2125,2337,2400,2850,2861,3078,2867,3173,3082,3204,3518,3316,3220,3414,3433,3478,3507,3416,3209,2972,3085,3172,3022,2868
,충청북도,5784,6495,6776,8162,8227,17313,11550,11424,12105,11651,15344,14186,13286,14757,14310,13917,14388,15416,15226,7095,7380,7529,6872,6723,6017,6575,7097,6998,7540,7448,7685,7873,8238,8568,10099,9378,9396,9142,8925,8121,7944,8297,6124,5844,6266,6253,5697,5828
,충청남도,121675,138377,125416,165914,144920,315561,175247,218193,231872,199068,254221,243678,260221,312563,314353,285338,282552,298486,323524,111410,114506,113540,101047,116942,118477,136200,128967,144861,138070,151082,146393,148759,155091,173068,190212,178527,191574,200626,204302,187758,177372,179652,161743,159556,165101,163496,163006,161612
,전라북도,4511,5174,4997,6292,5253,13505,8058,9081,10189,8609,10602,11010,9498,9517,8656,8585,9259,9466,9823,5023,5205,4933,4411,4469,3945,4395,4605,5067,5143,5708,5482,6295,5253,6649,6275,6132,6066,6794,6695,6296,6125,6500,5523,5595,5451,5563,5278,5257
,전라남도,5571,1934,1907,2876,2260,6488,5090,4976,6686,4361,6461,5389,4918,5885,5975,5300,3700,3976,3524,2348,2037,2387,1928,1571,1591,1863,1936,2222,2533,2549,2269,2511,2261,2259,2403,2875,2574,2900,2711,2846,2706,2794,2734,2596,2618,2593,2573,2481
,경상북도,4848,5354,5549,6175,6342,14030,9160,9050,10660,8795,9564,6319,5219,6069,5491,4728,4838,5750,5621,3067,2705,2624,2364,2333,2256,2498,2447,2548,2512,3030,2647,3036,2837,2955,3003,3610,3399,3517,3486,3663,3536,3857,3362,3118,3437,3554,2934,2907
,경상남도,2465,3058,2051,2520,4450,7923,5674,5772,8971,7523,6837,7764,7571,9022,8647,6764,6178,6895,8000,4311,4012,5059,3755,3012,2970,3020,3311,2366,2596,2611,2719,3317,2835,3009,3384,3541,3370,3748,3881,3592,3313,3479,3192,2894,3153,3480,2867,2804
,제주특별자치도,198,275,243,367,371,707,459,415,465,527,525,662,508,878,709,632,599,652,629,386,575,499,394,380,319,384,384,519,504,646,496,553,601,559,622,640,645,683,613,608,731,755,777,862,915,1094,1163,1270
전라북도,전국,228126,240338,190364,238830,245518,505510,323710,353025,397516,341312,405854,389105,387881,432712,400596,392339,380222,402012,405905,387521,395786,377517,378542,341814,325449,371479,334162,340520,347956,377096,372218,372854,395289,400338,380880,336014,346399,343831,333045,318943,308237,306290,275126,260395,276900,264662,252607,239253
,서울특별시,71785,63688,39692,55168,60827,118342,83263,75212,84412,82681,81268,76547,77725,87024,77787,69584,70106,69779,68649,64950,58962,49325,42451,39156,33414,31316,30612,29462,26167,31789,32637,32590,37966,30071,34874,24989,25762,24810,23012,21188,18777,17600,17180,15495,15902,14830,14993,14930
,부산광역시,6633,7100,4764,6476,9731,15304,11784,13927,15427,11810,12350,10308,8400,8071,7422,6332,6605,7174,6667,4880,5355,3828,3287,2689,2129,2182,2100,1847,2048,2086,2285,2159,2490,2166,2577,1602,1726,1683,1756,1464,1518,1651,1508,1471,1621,1731,1582,1545
,대구광역시,-,-,-,-,-,-,-,-,-,-,-,2438,2213,2511,2312,1932,1989,1901,1659,1415,1318,1277,1127,1093,1045,1090,974,947,962,1037,1074,1153,1233,1123,1195,844,939,930,890,898,924,899,1033,1018,880,861,893,816
,인천광역시,-,-,-,-,-,-,-,-,-,-,-,6034,5770,6971,7072,6858,6767,7877,7210,7347,8134,6965,6221,5854,5372,5031,5066,5185,4661,5719,5587,6073,7858,6587,7145,5408,5262,5250,4840,4202,3844,3987,4075,3871,3588,3395,3415,3516
,광주광역시,-,-,-,-,-,-,-,-,-,-,-,-,0,0,0,0,5447,5402,6541,7140,7650,6525,5833,5861,5506,5526,5913,6276,6517,7213,7143,7691,9273,7131,9146,6843,6960,6950,7013,6644,6355,6305,5896,5726,6221,5660,5733,5676
,대전광역시,-,-,-,-,-,-,-,-,-,-,-,-,0,0,0,0,0,0,0,6033,6373,6488,5669,6208,5761,5849,5808,5684,5118,5914,6427,6699,7734,7349,7752,6372,6002,5690,5265,4987,4814,5171,4788,4509,4572,4396,4303,4604
,울산광역시,-,-,-,-,-,-,-,-,-,-,-,-,-,-,-,-,-,-,-,-,-,-,-,-,-,-,0,840,752,838,838,913,1079,1040,1125,836,845,792,985,771,743,946,1081,1117,1099,1391,832,1288
,세종특별자치시,-,-,-,-,-,-,-,-,-,-,-,-,-,-,-,-,-,-,-,-,-,-,-,-,-,-,-,-,-,-,-,-,-,-,-,-,-,-,-,-,-,-,507,497,907,1422,1301,1551
,경기도,14174,16009,11203,12496,13411,32840,19878,22033,25715,25209,26980,17913,17647,23764,23484,22963,24285,28838,28100,28336,28658,25104,24530,22907,20982,21458,22829,22706,19953,24897,26700,27541,36525,33610,37245,29676,29167,27593,25125,22960,22008,20490,20407,17786,18053,17553,18083,18075
,강원도,2042,2618,1920,2145,1959,6016,3221,2610,3386,2119,3125,2778,2368,2498,2413,2630,2091,2337,1786,1643,1591,1390,1302,1307,1360,1373,1688,1581,1705,1727,1640,1693,1972,1915,1980,1573,1511,1702,1755,1568,1480,1425,1438,1477,1600,1616,1521,1543
,충청북도,1184,1463,1359,1181,1197,3096,1903,1781,1717,1326,1807,1613,1705,1863,1687,1650,1706,2075,1837,1805,1930,1934,1924,1846,1643,1671,1854,1842,1999,2001,1990,2295,2660,2316,2517,2103,2286,2306,2204,1979,2216,2179,1997,1939,2256,2271,2159,2195
,충청남도,12842,8101,6527,7900,8005,18387,11401,11595,13064,10184,12920,11043,11209,11693,12017,11848,11381,12405,12715,5316,5584,5218,4789,4677,4282,5376,5497,5742,5446,5659,5990,6031,6954,7335,9709,7541,6984,7427,7348,6810,6514,6689,6150,5931,6067,6259,6096,6156
,전라북도,104671,126915,112660,137823,132220,271325,164485,197471,215351,179722,234042,233125,235230,261030,238920,244075,232559,245399,254064,243482,254933,255310,269177,239279,233188,279534,240718,247737,261890,276036,268054,265565,266447,287409,252618,237072,248211,247650,242371,234785,228881,228836,199254,189665,203725,193076,181657,167338
,전라남도,8043,8126,6299,8881,8935,21522,16195,15599,19893,13480,19255,15809,15677,16120,15766,14084,8527,8965,7952,7890,7863,6881,6033,5698,5604,5621,6040,6551,6632,7547,7317,7764,7987,7238,7552,6352,6239,6433,5866,6116,5745,5579,5363,5452,5770,5304,5496,5458
,경상북도,4319,3799,3370,3898,4718,9915,5627,6164,7912,5983,6727,4030,2753,2700,2654,2471,2436,2910,2406,1926,1924,1718,1690,1665,1497,1773,1603,1499,1487,1631,1630,1588,1817,1690,1819,1738,1530,1526,1488,1591,1569,1583,1598,1545,1499,1508,1381,1339
,경상남도,2103,2132,2136,2433,4124,7758,5450,6094,10051,8274,6764,6875,6566,7701,8302,7323,5704,6323,5696,4716,4742,4892,3851,3060,3125,3062,2876,1934,1977,2191,2142,2345,2482,2611,2839,2333,2226,2478,2493,2400,2291,2342,2216,2171,2316,2329,2045,2109
,제주특별자치도,330,387,434,429,391,1005,503,539,588,524,616,592,618,766,760,589,619,627,623,642,769,662,658,514,541,617,584,687,642,811,764,754,812,747,787,732,749,611,634,580,558,608,635,725,824,1060,1117,1114
전라남도,전국,263908,329442,259182,360474,397292,705568,497144,537331,620706,553662,686232,620131,623279,739084,658416,639179,417929,477865,462452,426507,442388,420570,389969,354854,310291,350404,322229,315452,329903,379576,359049,357416,362799,362685,308825,304419,308961,303752,291224,288476,275661,266461,244080,246635,260874,246168,237337,230551
,서울특별시,75871,70920,41044,59763,69361,125081,94332,87967,102247,93911,108902,99493,98804,115465,101745,91110,71265,89924,82769,76407,72856,62796,53855,48984,39337,36069,33520,31291,27762,37648,33517,33062,30672,30501,25478,22988,24534,23129,20442,19007,17766,16298,15818,14595,14607,13884,14568,13665
,부산광역시,9635,10964,8170,11090,18149,24302,23475,27509,31308,29813,28727,26056,24637,27319,25091,21111,19410,22471,18398,14100,13803,11981,10162,8636,6486,5772,5423,5155,4814,6688,5466,5399,4862,4897,3903,3649,3693,3572,3319,3454,3184,3201,3226,3148,3278,3308,3279,3184
,대구광역시,-,-,-,-,-,-,-,-,-,-,-,2503,2698,3149,2866,2336,2052,2169,1667,1523,1445,1179,1285,1108,970,989,959,1047,883,1155,1063,1104,997,1082,904,885,867,888,960,809,825,838,876,986,921,873,959,905
,인천광역시,-,-,-,-,-,-,-,-,-,-,-,9666,8856,11411,11298,10900,9346,11212,9597,10287,11418,10685,9610,8313,7260,6777,6301,6010,5291,7903,6859,6976,6673,6622,5545,5095,5097,5614,4604,4058,4189,3966,3819,3482,3557,3496,3537,3466
,광주광역시,-,-,-,-,-,-,-,-,-,-,-,-,0,0,0,0,68525,65641,83145,76573,75179,76199,61699,52110,48919,50905,47696,50135,51559,63049,62634,59905,58716,58612,51495,47908,51258,47695,45417,45675,43153,40669,36882,35498,38942,37578,34507,33884
,대전광역시,-,-,-,-,-,-,-,-,-,-,-,-,0,0,0,0,0,0,0,2147,2614,2912,2333,2460,2159,2028,2227,2244,2092,2793,2785,2717,2679,2746,2598,2357,2430,2195,1961,2013,1977,2149,2109,1833,2026,2019,2005,2000
,울산광역시,-,-,-,-,-,-,-,-,-,-,-,-,-,-,-,-,-,-,-,-,-,-,-,-,-,-,0,1297,1285,1464,1349,1492,1379,1415,1101,1136,1229,1071,1120,905,977,1117,1031,1073,1041,1158,977,889
,세종특별자치시,-,-,-,-,-,-,-,-,-,-,-,-,-,-,-,-,-,-,-,-,-,-,-,-,-,-,-,-,-,-,-,-,-,-,-,-,-,-,-,-,-,-,267,262,402,699,641,717
,경기도,15123,18408,13381,15728,17465,41305,26918,28351,35580,34955,40030,26488,25637,35279,33641,33651,29505,37096,31986,33185,34311,32026,29130,26858,22779,23081,23358,23139,20390,29090,26998,27773,28458,30860,26265,25222,25797,24357,20611,19562,19701,17645,17420,15650,15658,15749,16012,15149
,강원도,2217,3010,2389,3456,2926,6969,3883,3774,4302,2949,4806,4559,4254,4593,4184,3786,2906,3084,2043,1812,1821,1572,1634,1472,1298,1549,1748,1879,2010,2403,2130,2195,2032,2211,2030,1740,1734,1776,1767,1621,1773,1562,1485,1505,1533,1601,1519,1478
,충청북도,1277,1108,1205,1108,1322,3300,1933,1869,1929,1641,2131,1820,1933,2444,2129,2020,1615,1868,1517,1473,1735,1805,1812,1488,1378,1261,1433,1490,1535,1713,1945,1634,1591,1735,1524,1343,1557,1505,1407,1390,1345,1411,1317,1200,1336,1442,1472,1480
,충청남도,5713,4154,3415,3711,3851,11274,7080,6506,7897,5383,6712,5964,6091,6845,6874,6892,4630,5743,5224,2486,3331,3147,2480,2354,2029,2532,2792,2761,2500,2973,2883,3027,3225,3495,4504,3672,3482,3741,3541,3560,3928,3892,3356,3449,3090,3389,3381,3523
,전라북도,7292,8923,7585,9641,8524,20230,12494,12949,14425,11343,14447,14446,13312,14995,13466,13006,8554,9589,8329,7441,8142,7780,7335,7146,5976,6215,6377,6324,6810,7763,8207,9345,7112,9186,6714,6278,6548,6462,6071,6112,6097,6266,5800,5511,5584,5551,5970,5893
,전라남도,137252,200362,172986,245116,261202,445600,308898,349360,397298,350491,455908,409146,417911,495203,435770,434421,184300,211010,203166,186546,202552,195947,196353,183090,162254,203674,181231,175091,195148,205389,194566,193757,206229,200840,168979,174474,172922,173811,172644,172919,163343,159553,143423,151466,161491,147703,140958,137172
,경상북도,4377,4778,3572,4039,4721,10416,6849,6708,8444,6875,7691,4573,3698,4031,4016,4229,4287,4270,3342,2737,2808,2640,3478,3282,2960,2656,2166,2085,1987,2692,2634,2813,2143,2105,1878,2049,2161,1806,1644,1724,1913,1983,1762,1769,1824,1826,1795,1745
,경상남도,3709,4633,3372,4121,6540,11648,8048,9395,14109,13170,12802,11958,12595,14204,14156,13073,9404,11448,9316,7905,8092,7862,6853,5874,5132,5543,5644,4135,4370,5073,4533,4724,4471,4941,4523,4404,4558,4984,4696,4671,4461,4950,4427,4160,4410,4551,4357,3977
,제주특별자치도,1442,2182,2063,2701,3231,5443,3234,2943,3167,3131,4076,3459,2853,4146,3180,2644,2130,2340,1953,1885,2281,2039,1950,1679,1354,1353,1354,1369,1467,1780,1480,1493,1560,1437,1384,1219,1094,1146,1020,996,1029,961,1062,1048,1174,1341,1400,1424
경상북도,전국,470142,528111,533098,630214,612614,1324401,798110,916540,1010019,956670,1046803,519607,497800,540076,503995,476059,489606,521249,512956,475285,486953,496337,442454,436837,411211,424533,410502,401893,387613,437240,406344,402131,415867,407839,387685,386228,394805,395536,377397,375551,358127,358695,340222,330983,338029,345307,318803,316642
,서울특별시,59129,63329,41532,61129,67374,124398,87716,79224,88334,79620,78249,56964,58033,64647,55035,46895,45744,46427,46581,43196,38243,34900,30531,27311,23377,21871,21493,20966,19243,23112,23599,22542,24290,23030,21044,21229,22113,22286,20524,19784,18395,17319,17694,16561,16796,16478,16087,15681
,부산광역시,28676,26649,19197,26186,40070,66996,49645,55502,56472,48592,51067,33673,31988,34187,31955,26419,26300,29224,25940,22315,20350,17909,15457,13306,11448,10820,11123,11011,10658,11959,10732,10492,10638,10888,9636,10441,9679,10365,9617,9370,9135,9091,9519,9209,10514,10473,9284,8896
,대구광역시,-,-,-,-,-,-,-,-,-,-,-,100022,94916,96023,94532,90863,84729,92353,98845,89978,81159,81064,72784,69064,68560,58337,57427,57653,57026,63246,59687,55853,59657,63221,54467,53242,52816,51480,49788,49521,46132,44089,43587,42776,47044,43828,39505,39231
,인천광역시,-,-,-,-,-,-,-,-,-,-,-,5986,4920,6145,6169,5563,5365,6177,5495,5647,6296,5897,5206,4655,4489,4094,3912,4359,3938,4310,4370,4522,4752,4433,4222,4411,4227,4729,4084,3772,4320,4171,4043,3773,3938,3773,3557,3488
,광주광역시,-,-,-,-,-,-,-,-,-,-,-,-,0,0,0,0,1055,961,1587,1172,1196,1058,830,867,814,647,729,775,874,848,944,738,967,870,877,887,836,829,781,782,830,768,793,772,847,920,731,784
,대전광역시,-,-,-,-,-,-,-,-,-,-,-,-,0,0,0,0,0,0,0,3123,3616,3903,3407,3684,3170,3227,3247,3443,3201,3729,3949,4030,4163,4470,4213,4081,3938,3873,3413,3373,3474,3690,3641,3433,3419,3508,3543,3473
,울산광역시,-,-,-,-,-,-,-,-,-,-,-,-,-,-,-,-,-,-,-,-,-,-,-,-,-,-,0,9373,7899,8830,8846,9545,9562,9711,9490,9595,9270,9479,9876,8289,8024,8086,8242,7685,8281,8642,6907,6386
,세종특별자치시,-,-,-,-,-,-,-,-,-,-,-,-,-,-,-,-,-,-,-,-,-,-,-,-,-,-,-,-,-,-,-,-,-,-,-,-,-,-,-,-,-,-,347,353,602,977,829,1008
,경기도,14210,13239,10699,14129,15272,29801,21839,22494,26663,24559,26496,15122,15518,20448,19903,18381,19891,23126,22224,21951,21852,21168,20067,18613,17457,17452,17797,18624,17108,20095,21345,21680,23595,24003,24060,26060,25252,23632,21775,24359,23319,21565,21521,19815,19128,20107,19698,19731
,강원도,10325,10512,8500,11059,10102,22080,14349,14624,15761,12630,16371,12852,11674,11448,10980,10459,8920,8368,6830,6109,5987,5708,5321,4823,4550,4642,4639,4999,4927,5314,4556,4695,4770,4977,4568,4361,4353,4589,4104,4006,3807,3825,3913,3943,3903,4069,3815,3474
,충청북도,5155,5340,4498,4759,4705,9232,7633,7221,7163,7063,8379,5863,5255,5987,5597,5514,5195,5428,4987,4944,5089,5466,5124,4703,3919,4070,4247,4515,4535,4668,4511,4495,4587,4587,4804,4660,4400,4541,4343,4353,4290,4129,4191,3927,4112,4225,4141,4044
,충청남도,4623,4893,3633,4422,4464,11766,7908,8182,9459,7467,8740,6107,5858,6383,5994,6093,5904,6001,5958,2792,3057,3062,2673,2580,2286,2744,3292,3597,2948,3584,3186,3433,3734,4295,5745,4645,4545,4999,4959,5165,4880,4750,4988,4464,4567,4511,3969,4246
,전라북도,1540,1701,1742,1912,1624,4888,3122,3424,4146,3349,4811,2645,2238,2643,2348,2077,2158,2038,1705,1642,1760,1862,1593,1528,1428,1442,1535,1488,1785,1720,1325,1806,1368,1837,1435,1608,1390,1605,1474,1621,1499,1474,1505,1455,1411,1570,1396,1390
,전라남도,2105,2102,1991,2725,2412,6199,5972,4979,7127,4699,7096,4267,3954,4318,4972,6356,8057,5942,4699,4278,4322,3761,2878,1869,1826,2294,2398,3001,2877,2614,2027,1954,1768,1919,1752,1600,1784,1882,1766,1877,1755,1792,1796,1605,1830,1797,1785,1688
,경상북도,326668,384273,427599,484785,442652,1003878,565093,683083,747774,727036,804100,246552,235143,256873,233424,227858,250749,267105,259298,241341,267813,284168,254638,264207,249181,274738,259665,248911,241023,272632,247544,245997,251543,238194,230852,227819,238565,238805,229333,228016,217642,223534,204248,201206,201259,209109,193354,193235
,경상남도,17419,15586,13236,18595,23425,44177,33984,37103,46366,40911,40457,28784,27591,30042,32282,28942,24786,27376,28095,26061,25293,25592,21177,18934,18054,17513,18290,8444,8614,9600,8869,9461,9674,10538,9621,10699,10817,11656,10781,10499,9838,9623,9355,9092,9413,10089,8826,8530
,제주특별자치도,292,487,471,513,514,986,849,704,754,744,1037,770,712,932,804,639,753,723,712,736,920,819,768,693,652,642,708,734,957,979,854,888,799,866,899,890,820,786,779,764,787,789,839,914,965,1231,1376,1357
경상남도,전국,299797,298292,244230,341498,413442,631217,482042,509366,609162,566651,611934,592803,612405,676040,668961,638365,648804,706972,686708,649055,686266,701394,722095,645680,664230,666040,663846,459423,480343,500126,472407,463651,507244,519594,479692,487733,495419,483599,474327,474110,478709,469223,417328,423864,456164,450279,410180,409200
,서울특별시,40077,43468,27238,39862,44321,81239,64652,52106,61217,53422,50031,51212,53552,60327,51638,45265,44010,38264,40024,37739,33391,30350,28314,27233,23661,22504,22748,17468,16292,19641,20015,19282,19592,20269,19591,19367,20437,20859,19890,19615,18680,18329,18230,16841,17144,16781,17169,17312
,부산광역시,64731,66686,56514,81930,99493,131273,112811,111801,133113,112395,114379,107902,104900,104564,103591,98126,101783,107472,104887,88257,79341,78080,73458,69577,63036,60895,62358,51212,51101,58311,52156,51069,56964,62977,55724,54348,53223,52894,50369,50521,49798,51166,46996,46232,50672,51578,46877,47218
,대구광역시,-,-,-,-,-,-,-,-,-,-,-,17258,15949,18475,19175,17945,17706,19125,16660,16559,15802,14887,13820,14793,13276,13637,12937,10410,9522,10154,9712,9187,9375,10865,9769,10317,10090,9692,9669,9948,9344,8888,8758,8643,8485,8659,9028,8646
,인천광역시,-,-,-,-,-,-,-,-,-,-,-,4013,4038,5279,6266,5298,5128,5800,4771,5451,6193,5283,4921,5439,4554,4475,4063,3322,3179,3547,3526,3327,3729,3843,3276,3412,3661,4165,3537,3333,3450,3297,3628,3353,3266,3464,3267,3390
,광주광역시,-,-,-,-,-,-,-,-,-,-,-,-,0,0,0,0,1640,1701,2228,2341,2386,2093,2150,2111,1886,1857,1593,1375,1279,1438,1350,1363,1314,1436,1383,1322,1449,1509,1288,1465,1550,1452,1533,1372,1414,1455,1320,1344
,대전광역시,-,-,-,-,-,-,-,-,-,-,-,-,0,0,0,0,0,0,0,3070,3348,3277,3248,4100,3781,4001,3495,2586,2684,2886,2849,2649,2849,3160,3001,2931,2893,3066,2897,2859,2953,3038,2823,2843,2577,2613,2788,2650
,울산광역시,-,-,-,-,-,-,-,-,-,-,-,-,-,-,-,-,-,-,-,-,-,-,-,-,-,-,0,10564,8083,8996,9008,9304,9311,9964,9466,8723,8490,8973,8969,8180,8441,8749,8694,8829,8976,8526,7571,6977
,세종특별자치시,-,-,-,-,-,-,-,-,-,-,-,-,-,-,-,-,-,-,-,-,-,-,-,-,-,-,-,-,-,-,-,-,-,-,-,-,-,-,-,-,-,-,342,284,601,962,882,1034
,경기도,9571,9269,6076,8832,8149,19762,14139,13233,14671,14647,15955,11938,12635,16453,16419,17247,17966,19743,18163,18146,18399,17642,18047,19014,17375,19656,17969,14143,13191,17551,17565,16841,17962,19086,18579,19644,20064,19926,18104,17794,19323,17850,17722,16232,16298,16945,16574,17134
,강원도,4219,3428,2306,2677,2557,7472,4201,4455,5827,4991,6950,6686,5557,5952,6033,6758,6399,5608,4923,4680,4711,4507,4691,4719,4069,4134,3873,2690,3039,3172,2730,2804,2847,2770,2666,2720,2856,2949,2810,2882,2987,2942,2902,2700,2549,2708,2687,2475
,충청북도,1346,1246,1403,1012,1208,2650,2267,2023,2353,3086,3617,2989,3277,3930,3430,3942,3392,3439,2939,2964,3304,3676,3578,3469,3095,3209,3198,2032,2164,2266,2165,2150,2192,2294,2335,2158,2260,2465,2424,2365,2407,2327,2187,2073,2353,2464,2570,2219
,충청남도,2370,2524,1836,1920,2273,6651,4281,4069,4661,4514,5533,5084,5057,6137,6005,6036,5691,5985,5909,2891,4084,3814,3516,3728,3055,3911,6806,3565,3370,3601,3221,3068,3213,3962,5244,4304,4205,4258,4307,4110,4432,4322,3913,3584,3664,3671,3736,4501
,전라북도,1429,1572,1232,1480,1242,3470,2508,2240,3200,3061,4173,4002,3561,3948,3923,3989,3533,3625,3322,3194,3181,3188,3482,3211,3079,7753,4860,2239,2206,2416,2164,2799,1983,2976,2098,1938,2046,2244,2174,2212,2633,2636,2225,2219,2273,2148,2196,2121
,전라남도,2075,2631,2150,2942,2642,8331,7152,6641,8366,7835,9711,8947,8421,10058,11039,12726,9551,8104,6049,5951,6319,5931,5697,5016,4804,7724,6282,4444,4799,4981,4543,4421,4293,4582,3806,4154,4263,4994,4866,4685,4931,5203,4695,4437,4679,4742,4610,4451
,경상북도,24476,20981,16913,20947,22550,50864,37658,36695,38324,37823,41718,21339,17672,19459,18744,20158,20562,21141,18535,17321,17634,18680,18264,19551,16745,17152,16159,9313,9551,10380,10045,9757,9394,10146,9749,11152,11608,11212,10357,10726,11079,10982,10178,9718,9540,10003,9257,9320
,경상남도,149016,146090,128191,179266,228442,318345,231525,275293,336527,323935,358768,350250,376658,419869,421297,399629,410108,465658,456950,438999,486434,508346,537208,462152,500416,493631,495923,322786,348304,349076,329812,323917,360589,359722,331434,339807,346456,332976,331312,332012,335387,326746,281109,293031,319925,311708,277204,275875
,제주특별자치도,487,397,371,630,565,1160,848,810,903,942,1099,1183,1128,1589,1401,1246,1335,1307,1348,1492,1739,1640,1701,1567,1398,1501,1582,1274,1579,1710,1546,1713,1637,1542,1571,1436,1418,1417,1354,1403,1314,1296,1393,1473,1748,1852,2444,2533
제주특별자치도,전국,17705,22976,18753,28762,34753,60840,43315,51682,54648,49818,60516,60666,61979,73559,72409,67053,67970,71352,72030,68486,71678,71733,75597,75236,77754,84164,79268,79959,91314,90417,87600,96577,95434,99862,103061,93846,90894,86222,82360,77590,76787,80365,74625,81028,81396,83323,92193,91022
,서울특별시,3881,4885,2339,7411,8470,14272,9900,10103,10757,9557,6420,7054,7178,8714,8435,7219,6844,6692,6764,7066,6667,6290,5788,6210,5635,5776,6070,6174,6045,6989,6767,6271,6492,6641,6290,6129,6701,6969,6100,5955,5632,5268,5612,5410,5739,6351,6634,7209
,부산광역시,1418,2177,1374,1742,2222,3206,2776,2880,5056,2879,2948,3363,3610,4373,3472,3153,3527,3722,3454,2610,2722,2460,2398,2589,2081,2065,2286,2139,2181,2451,2221,2175,2065,2216,2115,2045,2117,2029,1980,1805,1707,1639,1525,1576,1742,1773,1853,2029
,대구광역시,-,-,-,-,-,-,-,-,-,-,-,460,471,594,536,484,518,498,450,533,513,458,557,591,528,591,640,637,631,763,730,709,762,738,657,642,660,638,628,639,609,548,624,620,631,734,823,1003
,인천광역시,-,-,-,-,-,-,-,-,-,-,-,576,583,755,795,703,660,843,659,773,829,763,812,876,879,918,887,1027,1028,1123,1051,1030,1236,1255,1196,1213,1182,1234,1237,1074,1077,1053,1104,1167,1222,1287,1414,1552
,광주광역시,-,-,-,-,-,-,-,-,-,-,-,-,0,0,0,0,569,555,595,686,652,696,728,742,775,711,790,740,757,886,860,852,862,804,843,857,920,934,787,788,801,725,765,767,668,793,741,898
,대전광역시,-,-,-,-,-,-,-,-,-,-,-,-,0,0,0,0,0,0,0,254,241,263,337,385,403,381,377,449,362,504,522,457,482,554,515,506,643,541,501,498,522,439,462,480,570,603,631,688
,울산광역시,-,-,-,-,-,-,-,-,-,-,-,-,-,-,-,-,-,-,-,-,-,-,-,-,-,-,0,403,377,390,423,440,469,466,407,417,427,422,431,419,380,337,397,356,392,441,430,403
,세종특별자치시,-,-,-,-,-,-,-,-,-,-,-,-,-,-,-,-,-,-,-,-,-,-,-,-,-,-,-,-,-,-,-,-,-,-,-,-,-,-,-,-,-,-,58,74,134,188,210,255
,경기도,727,817,420,641,702,1811,1351,1516,1675,1643,1818,1416,1612,2162,2259,2081,2293,2717,2549,2512,2595,2611,2741,3028,3033,3308,3517,3856,3687,4533,4517,4367,4640,5187,5075,5213,5522,5580,5223,5046,5022,4990,4655,4775,5291,5845,6520,6931
,강원도,435,191,150,184,194,728,295,306,333,312,377,418,308,327,500,359,351,436,361,290,379,311,424,441,368,375,375,524,593,525,733,585,520,606,545,556,478,483,570,582,542,516,520,511,543,607,694,693
,충청북도,42,59,116,82,115,185,205,128,138,185,182,210,178,263,238,275,225,261,264,252,327,314,280,387,323,348,318,371,358,424,366,402,407,481,519,478,408,469,519,475,478,518,484,433,546,621,726,754
,충청남도,294,155,238,235,285,554,493,535,545,538,611,563,529,701,745,671,705,648,532,305,352,343,359,386,404,448,551,556,533,654,588,574,566,717,814,710,658,754,731,756,774,776,696,676,757,896,834,967
,전라북도,139,202,141,210,219,415,392,408,363,354,566,475,471,622,656,634,621,505,502,503,520,547,593,517,532,562,593,648,615,781,743,701,622,788,628,633,758,722,668,579,672,561,551,516,609,683,733,768
,전라남도,631,965,857,952,1133,2808,2608,2652,2722,2178,2790,2926,2683,3284,3068,2883,2151,1955,1736,1512,1536,1474,1565,1801,1415,1413,1487,1439,1492,1637,1564,1304,1293,1299,1226,1234,1217,1316,1143,1123,1002,1026,966,1001,928,1062,1127,1102
,경상북도,374,619,468,576,625,1123,1141,1004,1009,818,1041,702,735,711,719,616,725,832,572,599,662,683,692,712,675,718,698,781,730,886,794,815,793,757,746,828,828,838,761,704,738,756,699,781,728,903,931,994
,경상남도,474,479,440,571,1208,1517,863,1122,1331,1290,2312,1340,1744,1937,2093,1585,1548,1622,1623,1512,1368,1385,1470,1569,1609,1547,1760,1293,1185,1466,1360,1326,1587,1495,1533,1503,1543,1614,1517,1474,1324,1367,1227,1278,1223,1500,1448,1501
,제주특별자치도,9290,12427,12210,16158,19580,34221,23291,31028,30719,30064,41451,41163,41877,49116,48893,46390,47233,50066,51969,49079,52315,53135,56853,55002,59094,65003,58919,58922,70740,66405,64361,74569,72638,75858,79952,70882,66832,61679,59564,55673,55507,59846,54280,60607,59673,59036,66444,63275
